feature_id,bunderbosbeek_1,bunderbosbeek_2,bunderbosbeek_3,bunderbosbeek_4,bunderbosbeek_5,bunderbosbeek_6,bunderbosbeek_7,bunderbosbeek_8,bunderbosbeek_9,bunderbosbeek_10,bunderbosbeek_11,bunderbosbeek_12,bunderbosbeek_13,bunderbosbeek_14,bunderbosbeek_15,oudebeek_1,oudebeek_2,oudebeek_3,oudebeek_4,oudebeek_5,oudebeek_6,oudebeek_7,oudebeek_8,oudebeek_9,oudebeek_10,oudebeek_11,oudebeek_12,oudebeek_13,oudebeek_14,seelbeek_1,seelbeek_2,seelbeek_3,seelbeek_4,seelbeek_5,seelbeek_6,seelbeek_7,seelbeek_8,seelbeek_9,seelbeek_10,seelbeek_11,seelbeek_12,seelbeek_13,seelbeek_14,seelbeek_15,seelbeek_16,strabekervloedgraaf_1,strabekervloedgraaf_2,strabekervloedgraaf_3,strabekervloedgraaf_4,strabekervloedgraaf_5,strabekervloedgraaf_6,strabekervloedgraaf_7,strabekervloedgraaf_8,strabekervloedgraaf_9,strabekervloedgraaf_10,strabekervloedgraaf_11,strabekervloedgraaf_12,strabekervloedgraaf_13,strabekervloedgraaf_14,strabekervloedgraaf_15
ph,7.13,7.14,7.19,7.21,7.29,7.4,7.44,7,7.05,7.09,7.06,7.13,7.02,7.21,7.03,6.81,6.98,6.92,7.28,7.27,7.18,7.09,7.07,6.99,7.08,7.04,6.95,6.92,6.92,6.73,6.89,7.5,6.86,6.95,6.96,6.96,6.98,6.81,6.82,6.79,7.05,6.69,6.68,6.9,7.38,7.2,7.37,7.49,7.38,7.47,7.41,7.46,6.96,7.12,7.12,7.16,7.19,7.25,7.22,7.3
egv,583,745,896,680,835,878,764,674,650,662,632,522,653,651,702,198,194,202,209,193,200,190,188,202,168,184,178,203,195,403,326,322,438,306,344,377,392,353,317,342,226,319,350,344,313,438,566,568,572,582,689,575,654,437,602,506,472,446,529,735
ca,102,101,101,112,83.2,97.8,87.2,93.9,104,110,98.9,102,102,97.4,103,18.8,19,19.2,17.2,17.3,17.5,18.4,21.1,19.8,17.8,19.5,17.7,19.4,19.7,32.5,34,33.5,30.8,30.9,33.1,32.5,30.7,30.5,38.7,35.6,30.2,33.9,35.1,35.5,30,79.3,81.1,83.2,86.3,71,73.6,76.8,74,74.7,90,75.4,76.2,71.1,80.3,84.8
cl,51.1,50.9,50.3,53.2,54.4,53,53.2,47.8,50.1,51.1,46,53.3,52.1,42.5,50.4,15,15,14.1,15.6,15.1,14.8,15.6,15,14.9,12.7,15.3,13.6,15,15,26.2,25.6,26.6,24.6,27.1,26.4,26.7,26.4,27.4,26.1,26.1,23.5,25.2,26.9,26,16.4,23.1,26.6,26.5,24.1,28.1,27,26.4,28,24.6,26.3,25.9,26.8,18.3,26.5,29.2
hard,3.08,3.04,3.06,3.34,2.19,2.95,2.67,2.82,3.12,3.3,2.95,3.1,3.1,2.89,3.07,0.59,0.59,0.6,0.55,0.55,0.55,0.58,0.65,0.62,0.56,0.62,0.55,0.61,0.62,1.02,1.06,1.05,0.96,0.97,1.03,1.02,0.96,0.96,1.19,1.11,0.94,1.06,1.09,1.11,0.9,2.43,2.52,2.6,2.66,2.31,2.31,2.43,2.34,2.37,2.77,2.33,2.42,2.14,2.52,2.66
hco,100,104,98,129,65,106,83,94,102,121,100,87,96,102,98,29,28,28,23,26,26,27,34,27,26,27,24,28,27,29,31,32,31,29,31,31,31,31,38,35,26,29,29,30,27,128,122,130,148,89,131,110,122,114,152,97,99,104,115,122
k,1.64,1.52,1.48,1.48,1.12,1.22,1.16,1.11,1.61,1.76,1.99,1.67,1.53,1.36,1.45,2.59,2.55,2.58,2.6,2.66,2.44,3.31,2.82,2.69,2.36,2.92,2.24,2.61,2.56,1.57,1.57,1.38,1.54,1.61,1.53,1.58,1.43,1.44,1.67,1.6,1.59,1.53,1.5,1.83,1.08,1.74,1.54,1.25,1.72,1.51,1.48,1.94,1.37,2.33,1.82,1.74,1.58,0.88,1.29,1.18
mg,13,12.6,13.1,13.3,2.86,12.3,11.9,11.6,12.8,13.4,11.7,13.8,13.4,11.2,12.5,2.88,2.94,2.98,2.84,2.76,2.77,2.98,3.02,3.04,2.69,3.14,2.67,3.03,3.1,5.02,5.2,5.18,4.77,4.9,4.99,5.02,4.81,4.86,5.48,5.31,4.62,5.18,5.28,5.49,3.6,11,12,12.8,12.3,13.2,11.5,12.4,12.1,12.4,12.7,10.9,12.7,8.82,12.5,13.2
n_tot,0,0,0,0,0,0,0.37,0,0,0,0.85,0,0,0,0.45,0,0,0,0.41,0.27,0.23,0.76,0,0,0,0,0.38,0.49,0,0.25,0.62,0,0,0.65,0.28,0.33,0.99,0.34,0,0,0.41,0,0.3,0,0,0,0,0,0.86,0.5,0.5,0.32,0.34,0.25,0.4,0.3,0,0.63,0,0.41
na,13.3,13.3,13.6,13.9,10.1,12.7,12.3,11.7,13.2,14.4,12.9,15,14.5,12.1,13.7,9.7,19.7,9.7,9.4,19.2,9.2,9.5,9.6,9.7,8.1,10.1,8.5,9.7,10,17.3,18.3,17.3,17.7,17.3,16.7,17.2,16.6,17.3,17.9,17.7,15.8,17.3,17.6,17.7,11.3,11.9,13,13,12.7,13.1,11.5,12.2,11.7,12.9,12.9,11.5,13,9,12.7,13.3
nh4,0.034,0.044,0,0.111,0,0,0,0,0,0,0.07,0,0,0,0.038,0,0,0,0,0,0.043,0,0,0,0.031,0,0,0.03,0,0.061,0,0,0.04,0.058,0.036,0.067,0.071,0.04,0.038,0.04,0.111,0.053,0,0.042,0.03,0.064,0,0,0.103,0.063,0.046,0,0,0,0.031,0.073,0.033,0,0,0.035
no2,0,0,0,0,0.003,0,0,0,0.004,0.005,0,0,0,0,0,0.015,0,0,0,0,0,0.003,0,0.002,0,0,0,0,0,0.019,0.011,0.016,0.024,0.034,0,0.036,0.041,0.024,0.024,0.052,0.014,0,0.012,0.013,0.011,0.004,0.015,0.014,0.041,0.029,0.04,0.02,0.007,0.045,0.036,0.021,0.015,0.005,0,0.0016
no3,17.7,18.6,17,18,19.8,17.5,18.4,16.3,17.8,20.3,16.6,19.3,19.1,16,19.7,17.6,5.9,6,6.1,6.1,6.3,6.6,6.4,6.9,5.3,6.52,6.39,6.46,6.29,0,11.2,11.1,8.9,10.7,12.1,11.6,10.6,10.7,12.4,11.5,10.1,11.7,13.6,12.4,7.34,15.5,17.6,17.6,15.9,18.2,15.4,18.5,19.5,16.9,17.1,17.6,19.8,13.2,20.1,22
po4_ort,0.028,0.032,0.024,0.028,0.012,0.027,0.021,0.023,0.022,0.031,0.083,0.026,0.027,0.032,0.043,0.006,0,0.006,0,0,0.007,0.023,0.009,0.007,0.006,0.017,0.006,0,0,0.011,0,0.008,0.009,0,0,0.006,0.009,0.007,0.018,0.009,0.006,0.006,0,0,0,0.013,0,0.006,0.008,0.006,0.011,0.011,0.007,0.012,0.014,0.011,0.006,0,0,0
po4_tot,0.031,0.038,0.025,0.032,0.061,0.061,0.064,0.059,0.027,0.054,0.064,0,0,0.022,0,0,1.84,0,0.054,0.022,0.026,0.075,0.028,0,0,0,0,0,0,0.022,0,0,0,0,0.025,0,0.023,0.039,0.027,0,0,0,0,0.09,0,0.025,0,0,0,0.048,0.058,0.039,0.039,0.085,0.069,0,0,0,0,0
so3,113,110,110,133,121,121,121,122,124,120,116,123,118,114,119,15.2,15.8,15.6,15,14.9,14.8,15,15.1,15.2,14.6,15.6,13.8,15.2,15.4,39.4,40.6,40.3,38.3,41.3,40.5,40.7,40,40.8,42,40.8,36.8,40.1,39.2,41.8,37.9,68,73.8,75.7,71.9,79,73.3,71.4,77.8,72.4,73.9,76.3,76.4,71.5,76.9,80.4
fe,0,0,0,0,0,0,0,0,0.006,0.029,0,0,0,0,0,0,0,0,0,0,0,0,0.008,0.01,0,0,0,0.011,0,0,0,0,0.007,0,0,0,0,0,0,0.006,0,0,0,0,0,0,0,0,0,0.013,0,0,0,0.007,0.009,0.006,0,0,0,0
co,0,0,0,0,0,0,0,0,0,0,0,0,0,0,0,0,0,0,0,0,0,0,0,0,0,0,0,0,0,0,0,0,0,0,0,0,0,0,0,0,0,0,0,0,0,0,0,0,0,0,0,0,0,0,0,0,0,0,0,0
random1,0.956344842,0.386795461,0.965371288,0.386757464,0.398358341,0.41396549,0.907441375,0.241628966,0.374799544,0.799462049,0.541729816,0.709278638,0.812210443,0.561922505,0.39213066,0.288025029,0.089338817,0.175137405,0.884574991,0.973736308,0.623017168,0.770560348,0.979298843,0.847226119,0.678263136,0.489014977,0.342234643,0.782425888,0.361698563,0.604122813,0.368333752,0.837112584,0.741714459,0.303757385,0.131751088,0.637758079,0.026752813,0.794460894,0.427887495,0.839922985,0.994685319,0.874186674,0.035501351,0.324045627,0.503570497,0.885128424,0.704549727,0.152915938,0.659119393,0.622916004,0.795632027,0.831290098,0.457754365,0.665307393,0.010602708,0.660094726,0.574833294,0.930009657,0.091409889,0.192280505
random2,61,28,65,96,41,68,40,62,51,3,9,96,13,51,15,27,68,82,72,73,49,60,8,63,8,36,43,96,0,73,63,64,43,12,74,0,82,11,23,23,70,0,68,93,32,95,1,55,46,32,86,25,26,65,72,46,63,3,66,10
random3,3,0,0,10,5,1,6,0,7,3,3,4,10,4,2,9,6,7,3,6,5,0,3,3,2,7,2,6,9,1,3,1,3,10,0,1,9,7,6,1,10,8,5,5,8,9,1,9,10,1,8,4,10,8,3,2,1,2,9,7
random4,0.741302206,0.549647022,0.261908742,0.960200593,0.868319841,0.435306519,0.001421414,0.852304194,0.404093872,0.582725549,0.970535298,0.527660921,0.779942735,0.719367238,0.317445068,0.453890039,0.341236525,0.815745571,0.464001323,0.523124398,0.035981994,0.586294787,0.310778791,0.424108195,0.835508353,0.361884833,0.51279117,0.832911603,0.953164848,0.343694118,0.747029602,0.337721293,0.210943727,0.692090835,0.010864062,0.427336656,0.846151319,0.760486683,0.207145334,0.304942437,0.137767764,0.345597331,0.518797928,0.877617196,0.99865429,0.18796415,0.652215072,0.367261422,0.851993138,0.414713347,0.698952807,0.994298156,0.334521557,0.267513956,0.53522132,0.482896528,0.807850295,0.47163142,0.993427364,0.428605216
random5,0.400622689,0.367317295,0.56395517,0.733393104,0.819031064,0.444500827,0.15795403,0.75687947,0.156381024,0.300139748,0.627648245,0.655948121,0.609236589,0.487641096,0.357680458,0.273219359,0.195690211,0.571064634,0.786128826,0.604781362,0.509529595,0.544555882,0.716991092,0.583863721,0.955591782,0.06036228,0.774630679,0.898130021,0.394274105,0.445120633,0.681385156,0.196799686,0.30886918,0.188243199,0.324760222,0.975899888,0.234673469,0.24284922,0.115576754,0.3173657,0.093641035,0.881520864,0.87638147,0.719504387,0.074621548,0.595908695,0.418574573,0.8540992,0.981077033,0.905952838,0.667085792,0.553123165,0.060814636,0.194020108,0.838214888,0.009976447,0.888443767,0.50455964,0.284461136,0.162063945
random6,39,76,48,73,2,19,32,2,41,80,85,59,86,13,52,27,33,59,90,43,71,39,32,54,58,83,65,94,83,37,94,60,26,100,41,71,77,73,55,92,44,9,45,17,38,13,70,27,18,32,93,65,93,32,16,35,85,76,68,23
random7,1,9,9,2,3,0,1,9,9,6,10,10,0,2,10,0,2,7,9,9,3,6,9,6,4,0,3,3,8,4,3,1,0,0,4,5,9,1,5,10,10,10,0,1,7,6,9,1,7,3,9,7,3,1,4,5,1,2,9,9
random8,0.323454014,0.479270389,0.425454538,0.724408493,0.066832546,0.020283872,0.575578597,0.120528204,0.896190619,0.679377981,0.993732466,0.18630483,0.363011757,0.394023032,0.423847827,0.210658839,0.724525546,0.738694938,0.668135476,0.581092379,0.639726803,0.671962722,0.485307185,0.111125772,0.312614259,0.528221681,0.373464486,0.962171086,0.903614141,0.605462211,0.197526339,0.027653323,0.03844872,0.52329132,0.795118079,0.194890628,0.823349676,0.600535427,0.891130549,0.426125803,0.080145769,0.820407595,0.641758492,0.931889782,0.111372151,0.448276895,0.698206595,0.736473837,0.439607678,0.159974472,0.227155704,0.660673977,0.199439325,0.212456568,0.533039745,0.594254465,0.618356864,0.811954526,0.169266303,0.579341982
random9,0.883643135,0.844492086,0.984556707,0.097941123,0.854115419,0.252679805,0.227148321,0.425479885,0.477946422,0.592366149,0.788946863,0.868384499,0.326099978,0.278483698,0.904653497,0.967172917,0.485400698,0.561385141,0.836944132,0.176461469,0.588915302,0.251723575,0.587998733,0.624737787,0.810427755,0.779888672,0.180216723,0.262811995,0.500480808,0.814956455,0.194851264,0.712551791,0.890492818,0.761855772,0.052508955,0.72033706,0.24121647,0.846055191,0.18333867,0.403812141,0.757741803,0.315255021,0.790596838,0.53833496,0.313119793,0.690049033,0.186987557,0.99112498,0.480329017,0.743116198,0.381673918,0.817002533,0.089010947,0.211243137,0.39201051,0.379169507,0.424950744,0.715580449,0.537191157,0.0782795
random10,42,90,56,23,98,23,41,45,42,73,11,38,99,35,40,22,85,63,69,25,17,58,36,55,27,88,80,2,56,62,58,37,63,2,41,77,23,50,48,93,54,71,48,21,24,16,44,87,51,71,46,18,66,42,11,82,27,47,98,95
random11,8,8,10,6,0,5,5,7,5,3,9,7,4,10,8,1,4,2,9,1,9,8,9,0,5,10,7,8,4,0,1,7,0,0,0,9,5,3,1,8,10,10,10,10,6,4,6,3,6,5,8,6,8,2,0,4,8,0,8,6
random12,0.954431871,0.407827035,0.592084399,0.063751835,0.614402778,0.273131802,0.39816771,0.910356456,0.851190503,0.835851813,0.291856471,0.690021668,0.097978879,0.806162666,0.429877632,0.686070115,0.322184468,0.963286086,0.567813589,0.359659016,0.807269508,0.325891051,0.516642668,0.595310971,0.585258877,0.101134883,0.055668237,0.703566628,0.886037345,0.156904762,0.441778383,0.198732845,0.009157963,0.969250927,0.993973714,0.61695323,0.43394146,0.294423568,0.055634067,0.458406098,0.142557899,0.143626688,0.656841697,0.541965772,0.59020631,0.840903722,0.538361588,0.61490191,0.782827375,0.930267779,0.12655621,0.674295042,0.00842024,0.043825808,0.86450657,0.316098797,0.565907204,0.38154094,0.468778731,0.653148281
random13,0.01850186,0.94699621,0.256224868,0.084261143,0.870065084,0.473677937,0.208435761,0.581611317,0.618609487,0.43541959,0.421246731,0.891406584,0.584779875,0.020986533,0.207337197,0.513417107,0.350053951,0.28791803,0.635105629,0.007591876,0.293553501,0.143055213,0.32771916,0.230581318,0.221525716,0.769511045,0.782977122,0.090819813,0.742180668,0.31901023,0.824138815,0.992066918,0.522378253,0.924953901,0.808712229,0.597133019,0.086233612,0.952787195,0.417651107,0.298426963,0.908522605,0.379445942,0.258523649,0.556475755,0.793773024,0.944640885,0.26903132,0.339191295,0.647806656,0.603175486,0.300746642,0.643972755,0.298661848,0.823459516,0.58149526,0.955953243,0.363436,0.88499921,0.255627675,0.136342642
random14,44,30,89,28,47,46,33,76,25,13,65,44,18,77,2,32,95,33,6,57,65,53,75,97,54,73,45,74,56,79,36,62,91,74,3,27,97,93,100,33,56,39,23,12,70,74,75,43,30,32,96,25,99,13,43,34,71,59,54,59
random15,10,10,4,8,2,0,3,4,9,8,3,9,6,0,9,1,7,6,4,2,0,8,1,1,1,1,2,3,5,5,5,2,10,2,3,2,10,9,0,10,9,7,5,6,0,4,6,4,4,8,3,10,6,5,0,2,7,7,9,5
random16,0.093662241,0.104261165,0.117936988,0.271371211,0.499750989,0.071528576,0.731362489,0.074231237,0.779998362,0.265048567,0.016047301,0.650906661,0.76075332,0.296414041,0.279557913,0.195228788,0.733766121,0.77105838,0.393333231,0.925899754,0.859780253,0.374377848,0.787856182,0.266229872,0.685446178,0.64483074,0.785721199,0.63417719,0.440184652,0.277612594,0.816672031,0.276033015,0.556548633,0.72949768,0.066605174,0.180561058,0.064215869,0.549031355,0.609698285,0.328626871,0.610978123,0.583900447,0.865304474,0.832422372,0.684392287,0.448712675,0.444125125,0.46741479,0.585057953,0.85178761,0.658820638,0.839557635,0.535914711,0.101222858,0.374446683,0.421936017,0.019528556,0.461662137,0.942536143,0.534881134
random17,0.012882617,0.715660694,0.858064613,0.695280285,0.632724817,0.118752732,0.789344769,0.738819149,0.395349368,0.296737851,0.423203453,0.390388738,0.716287661,0.110068318,0.134481463,0.751962711,0.710925768,0.368881965,0.054049178,0.447957522,0.800680064,0.733816366,0.42795497,0.654662253,0.157961231,0.380917663,0.352301274,0.272845691,0.641422485,0.592846504,0.757671133,0.839506728,0.930373946,0.09480105,0.509629022,0.790644198,0.750498451,0.0868781,0.042599967,0.600366335,0.01907449,0.435567848,0.211676348,0.275741961,0.88300187,0.538273742,0.623727893,0.412605173,0.143186557,0.85344234,0.321959447,0.548433207,0.304653723,0.77601328,0.930097525,0.751842961,0.455152168,0.614670121,0.578718824,0.672966387
random18,29,14,42,28,80,85,32,12,45,24,37,13,84,36,27,15,86,1,40,35,72,16,37,17,4,34,60,57,80,26,34,73,17,69,13,39,32,21,8,74,82,73,46,8,89,4,67,15,74,10,65,57,50,61,80,64,13,56,79,24
random19,6,5,3,10,2,4,9,8,9,3,4,2,0,7,7,9,6,9,7,5,2,2,7,9,0,2,10,1,5,3,10,3,3,2,7,9,9,8,6,5,4,5,5,6,10,10,1,5,4,7,3,7,3,2,5,10,3,0,9,0
random20,0.576272048,0.322480931,0.00165865,0.440187775,0.55006005,0.169199914,0.736960126,0.597987159,0.9054387,0.717226918,0.960745151,0.628653981,0.318043067,0.784717856,0.346473968,0.083844168,0.088162737,0.546884651,0.640985031,0.742609843,0.435516361,0.704874146,0.796805021,0.164986506,0.608971901,0.722670909,0.547062088,0.367006199,0.56525755,0.669540589,0.787397039,0.756861363,0.037431595,0.176171134,0.072777668,0.662971834,0.699588065,0.435837222,0.56235496,0.752704641,0.514887053,0.942464547,0.386447909,0.753083746,0.354303252,0.218148497,0.194135466,0.813534283,0.984722152,0.432652682,0.06871688,0.14119802,0.24675666,0.3850374,0.445435746,0.407373821,0.134055524,0.912453958,0.763228718,0.271197334
random21,0.671965377,0.003992258,0.783633961,0.75586479,0.001124402,0.478365828,0.61300795,0.785092019,0.77860314,0.373379293,0.033726248,0.126978314,0.618248222,0.72248325,0.655433257,0.800302501,0.347503778,0.570372941,0.421556924,0.609800728,0.670290985,0.027502155,0.988054895,0.306381462,0.243412649,0.374709513,0.180304967,0.680575037,0.679924688,0.352322338,0.874682662,0.428158041,0.116575288,0.608578175,0.830905996,0.299965868,0.964515233,0.770258041,0.299820989,0.646055903,0.930772874,0.294475141,0.351890332,0.784440771,0.935410668,0.39605551,0.02123539,0.294289928,0.514841108,0.187862151,0.476484823,0.714048424,0.609922888,0.292794974,0.020957394,0.713970687,0.183601311,0.0889973,0.642672315,0.037903799
random22,11,0,36,29,35,72,45,54,27,68,0,78,29,73,92,53,22,79,63,23,40,17,24,73,84,45,32,41,32,87,56,88,97,86,86,60,100,9,47,92,80,1,62,100,91,98,93,74,9,46,59,45,98,45,71,6,18,21,32,47
random23,1,8,8,8,7,6,3,2,6,2,2,6,3,0,8,0,5,9,9,5,0,1,6,9,4,4,2,2,1,0,2,0,3,3,7,4,1,6,4,6,3,10,8,8,4,9,1,7,0,8,6,6,7,3,7,3,4,8,5,3
random24,0.54049377,0.571636846,0.028745111,0.098426733,0.324709288,0.010463184,0.172080517,0.470824458,0.394587354,0.388824894,0.643177064,0.367804914,0.444224658,0.510399738,0.92735844,0.570816263,0.56007904,0.904628272,0.992218638,0.228131246,0.744022075,0.114863291,0.407949733,0.953051244,0.339721201,0.305859882,0.120323331,0.943315799,0.868562117,0.939325159,0.392865109,0.744464599,0.306039741,0.431515245,0.402799387,0.275005455,0.876563503,0.50421992,0.546302366,0.287960039,0.629543241,0.560752293,0.856581303,0.937536787,0.347839456,0.212572007,0.584943416,0.387859983,0.167379613,0.534917382,0.156054175,0.866990905,0.870271032,0.7497659,0.08471211,0.23292385,0.549222348,0.487888799,0.029455628,0.568747211
random25,0.747053346,0.27093246,0.720812423,0.713526961,0.70595792,0.755831108,0.946557444,0.421322623,0.535603016,0.002875068,0.833368759,0.830426327,0.980237399,0.823140679,0.273515949,0.828717274,0.870016311,0.482272875,0.777652852,0.158733551,0.447300758,0.772138797,0.221994113,0.473239684,0.596905459,0.388206163,0.003537171,0.657574276,0.185712724,0.899669849,0.920028617,0.669156572,0.685676549,0.160446076,0.431519671,0.405133084,0.105039249,0.475879827,0.112692427,0.821036106,0.534106833,0.526072799,0.0116221,0.748060413,0.458012129,0.834111783,0.007677478,0.818926327,0.621674783,0.312199276,0.542149503,0.209804507,0.156107161,0.581420226,0.381592345,0.945968914,0.709678722,0.964389149,0.40542217,0.649264243
random26,13,97,30,40,63,55,36,57,28,45,21,46,57,18,10,8,43,69,84,86,93,9,94,39,82,85,68,17,50,58,76,87,29,75,78,27,19,58,77,97,70,83,74,75,88,15,91,25,60,68,65,10,67,7,83,66,60,74,55,100
random27,4,5,0,0,5,8,1,4,1,1,7,0,2,1,5,9,0,0,6,4,5,1,4,0,0,9,3,0,3,6,4,9,9,5,3,2,3,8,10,5,6,5,1,1,9,9,10,4,1,0,2,6,10,1,0,10,10,2,9,7
random28,0.705842615,0.337662617,0.386818559,0.940165279,0.08427037,0.41434463,0.055710485,0.818461254,0.174585682,0.261494962,0.09722467,0.998244315,0.746324226,0.220537113,0.105401937,0.295280239,0.806739154,0.668549601,0.509449294,0.499777566,0.893063731,0.035369861,0.981720688,0.589965247,0.225498735,0.259494103,0.679997049,0.089827006,0.546790744,0.339216626,0.170493093,0.303802769,0.504835134,0.718708789,0.035699944,0.89359031,0.368178004,0.865690267,0.886918065,0.59643322,0.417739337,0.49442776,0.820235048,0.286989477,0.363633137,0.446962004,0.059645168,0.449091661,0.649976719,0.269869318,0.355517183,0.91923539,0.919796334,0.248361407,0.984898638,0.349248136,0.782511243,0.764730171,0.80259171,0.087323214
random29,0.609422849,0.972594757,0.466024506,0.415518442,0.057211638,0.870817598,0.893895415,0.587409122,0.44797177,0.261474961,0.874122142,0.623035861,0.377302368,0.843274686,0.155964754,0.681017849,0.908410472,0.214411504,0.666692035,0.045437409,0.153802181,0.476375562,0.59031067,0.25532147,0.250569848,0.76118463,0.140850404,0.315411938,0.771957421,0.684589734,0.889546823,0.572363448,0.820366291,0.786559199,0.14536557,0.619950542,0.520108914,0.985755478,0.906310492,0.890975724,0.141542658,0.723637813,0.902324905,0.442323612,0.637525924,0.663902443,0.854521427,0.973132796,0.566695401,0.496418313,0.219454467,0.859465722,0.462903316,0.323551973,0.554825623,0.465907077,0.055801834,0.724270113,0.535036218,0.203654175
random30,2,68,49,8,54,99,31,77,66,76,92,39,58,70,75,8,69,31,59,26,74,6,19,46,61,11,98,67,52,93,14,90,2,45,29,48,4,36,24,34,93,24,77,59,39,77,46,13,11,75,42,9,63,3,60,7,28,45,59,59
random31,5,3,7,2,10,5,5,8,4,6,1,8,7,6,1,4,3,4,10,6,6,7,5,5,10,8,5,0,7,6,7,0,2,2,3,8,7,1,10,5,1,2,9,3,3,8,8,10,1,4,6,9,4,3,3,6,3,5,9,10
random32,0.648821529,0.062903021,0.880781511,0.529273203,0.503036523,0.113411613,0.307511448,0.878058722,0.288234159,0.398443479,0.781149792,0.704730231,0.860191675,0.927641744,0.858091325,0.323525762,0.211765833,0.188434725,0.311771863,0.083604617,0.879728693,0.594942165,0.435633403,0.109535518,0.561989234,0.510991734,0.150726866,0.824622014,0.786065471,0.863797112,0.53031946,0.011290582,0.689044235,0.023262672,0.984551711,0.201260538,0.432371609,0.094289287,0.964706069,0.149374767,0.65289802,0.726569281,0.939478534,0.094864148,0.632651624,0.595383447,0.052289719,0.949381445,0.016185334,0.249378191,0.058143027,0.267036652,0.140400581,0.611491157,0.312951043,0.654509272,0.095756801,0.678220274,0.880959438,0.008457573
random33,0.623186666,0.276812704,0.039131996,0.975869854,0.246980208,0.95053141,0.268758252,0.414607663,0.590549782,0.616264359,0.510858972,0.258561244,0.522472551,0.831314227,0.917454105,0.057139497,0.58681189,0.435545979,0.76797557,0.403173774,0.388986982,0.454810457,0.924779571,0.974673542,0.474895606,0.385902059,0.752194502,0.461208345,0.717367317,0.246537651,0.218325805,0.737564694,0.058500645,0.223243565,0.557086574,0.206872501,0.091922815,0.118667699,0.270195983,0.99516576,0.446349161,0.974794564,0.847532484,0.148440126,0.198436854,0.867798646,0.068845177,0.72795104,0.253365707,0.332129033,0.500001212,0.893614127,0.751717146,0.105469022,0.442446439,0.281009707,0.30275511,0.900910674,0.830877596,0.604970636
random34,32,26,1,61,43,96,26,4,33,63,80,94,45,84,92,63,49,29,19,31,52,43,99,59,43,23,55,54,64,1,92,2,33,16,41,76,93,82,7,53,48,77,40,94,99,26,72,7,5,85,65,87,19,17,66,29,58,15,74,30
random35,2,10,10,6,4,9,6,9,10,5,9,9,4,2,3,9,10,8,9,4,10,4,6,3,10,10,3,4,8,4,9,1,6,4,1,6,9,6,7,7,2,4,3,7,4,6,9,7,3,2,2,9,7,1,1,7,0,6,5,7
random36,0.320294311,0.885995991,0.906451322,0.821799759,0.873674614,0.564074056,0.876944875,0.009561301,0.103843215,0.558994123,0.936685669,0.632845166,0.596863288,0.824439583,0.823142097,0.56100305,0.014840132,0.596571797,0.310333302,0.137225185,0.912461268,0.260630356,0.389161807,0.597080476,0.113407922,0.37706439,0.068482016,0.381961624,0.993237355,0.657060231,0.860207435,0.506187065,0.480740095,0.819475059,0.370633397,0.204992929,0.266445178,0.531909503,0.298643331,0.392433535,0.339667912,0.447383711,0.424821654,0.180099377,0.849526434,0.657589001,0.062243609,0.772471918,0.876128481,0.69934033,0.367962955,0.837165061,0.547989855,0.583545414,0.522149163,0.79308219,0.045008838,0.858693551,0.233353816,0.950206829
random37,0.807953568,0.371843847,0.420230697,0.841910613,0.087341007,0.524095918,0.15774523,0.998640131,0.477194331,0.255652542,0.047578619,0.562843628,0.639272959,0.836605816,0.438105709,0.496033673,0.473599347,0.32241802,0.903522438,0.17894174,0.438536464,0.470214373,0.426983024,0.579926677,0.709994209,0.181685142,0.184090098,0.224583896,0.411296848,0.941652742,0.758810638,0.176911623,0.992199159,0.43325219,0.104349163,0.476279838,0.481568447,0.711956439,0.045451203,0.701481829,0.134320349,0.606253952,0.255503879,0.362066286,0.337067287,0.541727827,0.391334064,0.307335716,0.094946628,0.465797845,0.994572166,0.41757886,0.185824525,0.224919297,0.7157086,0.690071207,0.867446477,0.623592125,0.920824049,0.101721542
random38,60,84,67,14,5,67,46,20,38,40,93,47,96,26,59,9,52,11,48,3,95,93,12,87,64,8,88,60,96,1,37,11,5,63,48,81,6,5,96,81,91,97,80,84,19,80,50,25,41,35,34,70,25,33,15,60,53,29,23,100
random39,8,9,6,4,10,8,7,1,8,0,3,10,6,10,3,10,1,1,10,5,0,5,9,5,2,0,8,10,0,4,10,7,1,6,5,3,2,4,0,4,0,5,2,1,9,0,5,10,3,6,8,4,3,6,10,2,0,1,2,9
random40,0.784171848,0.74629595,0.430617612,0.165412754,0.337926208,0.13890683,0.409475061,0.842447976,0.722896286,0.291668777,0.941046635,0.503954836,0.937018434,0.541023182,0.571259984,0.124642804,0.741199756,0.226693378,0.974773718,0.011031661,0.162321341,0.467965868,0.232851891,0.619717804,0.160232643,0.423734778,0.565067719,0.835798398,0.493683719,0.144447903,0.580112734,0.057425832,0.210713173,0.753697417,0.893536958,0.008025597,0.87114796,0.338549947,0.75228059,0.277382125,0.594696131,0.960146996,0.7113392,0.479767207,0.445003105,0.578813693,0.237114383,0.604356522,0.840120762,0.511923912,0.536679391,0.396940429,0.684899384,0.02361911,0.108547653,0.842811351,0.879038778,0.861889728,0.914906042,0.230369808
random41,0.31726133,0.042181794,0.927176208,0.552582242,0.510103121,0.070244815,0.171567647,0.929808192,0.678298085,0.05014629,0.232428515,0.472105129,0.893550877,0.047271202,0.22477656,0.96399355,0.050689629,0.740666422,0.165974387,0.038083184,0.732267495,0.120219438,0.397088886,0.199317936,0.374416787,0.730579761,0.205334144,0.248450458,0.727048947,0.969316099,0.663909425,0.171095836,0.552903243,0.999668942,0.922326426,0.885183847,0.131944426,0.11573151,0.614710972,0.147200007,0.647997474,0.243689006,0.064004773,0.847242857,0.603329189,0.521941106,0.566118659,0.247695972,0.668342242,0.454758182,0.825573575,0.028411747,0.81648377,0.421428211,0.335509869,0.921579221,0.073565485,0.21065183,0.085292891,0.483262448
random42,74,30,31,96,89,9,31,95,54,90,47,32,71,54,8,88,14,58,33,37,72,33,94,49,43,77,43,1,47,20,9,61,13,0,21,92,98,40,84,23,56,37,42,86,43,10,75,3,11,0,57,31,68,41,73,29,46,77,28,35
random43,3,6,6,1,0,0,4,3,7,7,4,5,2,2,3,4,5,6,7,0,8,0,1,2,6,6,6,9,9,0,5,4,5,9,7,4,0,7,3,1,0,2,5,2,2,6,7,2,1,10,6,1,10,4,5,6,7,0,0,3
random44,0.444285998,0.920504121,0.67552237,0.84268205,0.24220462,0.372188068,0.021858725,0.738605735,0.446483159,0.075022826,0.035604493,0.031917703,0.669613589,0.972083433,0.553266322,0.651037726,0.638874202,0.487136413,0.547940741,0.421600388,0.77617435,0.430085524,0.815198169,0.84077453,0.43338795,0.68279723,0.163881605,0.283187481,0.22067592,0.305287531,0.886760743,0.766190644,0.810987642,0.698524571,0.357314192,0.415263805,0.940836605,0.515544684,0.27338979,0.374710406,0.30820034,0.994010188,0.165689628,0.725107977,0.392440652,0.204419578,0.511843641,0.301041893,0.34730565,0.082669242,0.251473724,0.714011812,0.207710862,0.606960801,0.000060459,0.113127626,0.965698779,0.880677321,0.991505136,0.49432428
random45,0.124837593,0.684354837,0.881735794,0.184155216,0.843607957,0.718085549,0.939841578,0.633565112,0.554745735,0.055963754,0.669681784,0.454365174,0.465702123,0.071292325,0.896338685,0.260669663,0.389936086,0.933017958,0.065554966,0.98857044,0.294307793,0.781288112,0.012369366,0.352478071,0.195317335,0.326605372,0.395144075,0.614190724,0.567543542,0.251077475,0.20553649,0.757401863,0.556558605,0.550171031,0.058999829,0.358046426,0.760054678,0.657512029,0.96183144,0.997014472,0.679952507,0.836425555,0.95099688,0.040529809,0.918796852,0.136749757,0.292317793,0.249965182,0.039919902,0.70927179,0.175836352,0.103393922,0.417330544,0.938119181,0.13528003,0.390837605,0.204311336,0.108198386,0.521391907,0.167468884
random46,72,30,7,93,14,37,12,7,31,26,80,52,62,86,11,28,42,69,87,15,49,8,18,25,100,60,97,30,16,11,58,31,64,78,83,5,58,59,53,28,4,88,28,78,96,35,37,74,78,6,33,55,31,27,71,78,46,4,34,60
random47,10,8,9,3,2,0,4,6,0,4,6,8,3,6,7,8,9,2,8,1,7,8,2,3,3,4,9,10,8,7,6,3,9,8,3,4,3,9,7,6,3,9,9,8,9,1,8,2,0,7,3,3,9,2,6,2,4,1,5,6
random48,0.222514803,0.307093235,0.506047728,0.754897737,0.651438737,0.476970954,0.062998726,0.703822138,0.136380263,0.444022479,0.276883018,0.144328883,0.279004749,0.747918938,0.133720222,0.784864964,0.403981733,0.950083074,0.96175962,0.260479604,0.1365788,0.389247101,0.799066015,0.901907937,0.688842122,0.177261749,0.806438589,0.564825815,0.631697265,0.73057079,0.055345677,0.005236094,0.110796896,0.934575712,0.219340528,0.930023493,0.161475147,0.589337144,0.954314454,0.748390759,0.133145373,0.134886369,0.466109117,0.156725501,0.12345183,0.950723909,0.311047111,0.338522297,0.564463437,0.323006748,0.621394651,0.760434687,0.764584588,0.663628664,0.369064215,0.49291002,0.385987487,0.530785583,0.094166191,0.764868572
random49,0.610131709,0.142500612,0.053510967,0.164474633,0.820433184,0.855807962,0.786587518,0.345008271,0.126664065,0.63585602,0.292561631,0.116143152,0.722887934,0.908863644,0.956829026,0.097576441,0.819086296,0.820350164,0.68551043,0.766553934,0.152984186,0.512340757,0.993098791,0.375329205,0.618086434,0.84970047,0.291346083,0.318873498,0.067857773,0.270671629,0.956516285,0.989309703,0.791208996,0.749269999,0.801994442,0.746025504,0.304632285,0.046412803,0.01941489,0.251057623,0.539610889,0.817481055,0.443441723,0.787740978,0.248561279,0.464770963,0.143556902,0.910131429,0.505494869,0.436324548,0.880613219,0.197073022,0.261813485,0.995258346,0.953669991,0.655520095,0.02072754,0.00914116,0.58686001,0.435985103
random50,4,71,29,51,5,47,62,23,36,56,3,7,82,2,89,39,43,10,40,78,20,91,9,8,70,25,15,9,5,21,84,93,71,83,44,87,9,77,39,95,31,66,29,86,33,8,79,13,82,21,10,29,66,19,45,7,28,18,1,22
random51,7,3,7,1,6,3,10,7,7,9,4,7,9,5,9,7,4,5,9,3,2,8,0,7,2,2,9,1,7,3,6,1,0,6,1,1,7,8,0,7,8,10,5,6,8,7,8,6,7,6,2,10,6,5,1,5,7,1,0,2
random52,0.097816198,0.28824694,0.605056739,0.89289277,0.275548183,0.389578744,0.246505243,0.343601981,0.805135305,0.141128464,0.780953221,0.273938069,0.717914483,0.713178783,0.505989025,0.106374646,0.851991081,0.835153533,0.685976334,0.550625974,0.369685703,0.972594463,0.442613401,0.885722896,0.405276833,0.546181546,0.782748944,0.14575913,0.263216981,0.225076793,0.362142589,0.178240245,0.627251743,0.350083973,0.056840648,0.145823687,0.891422605,0.497235113,0.931984637,0.507200879,0.688087048,0.852778732,0.734204441,0.991207129,0.342198459,0.394721442,0.535166473,0.998432714,0.878731974,0.570246193,0.969573018,0.493014304,0.066129972,0.521601837,0.552370476,0.259032571,0.354245033,0.8071544,0.059102147,0.175228188
random53,0.185257143,0.343059931,0.311632354,0.338815065,0.466126546,0.993170869,0.273045513,0.645975679,0.340454075,0.282727485,0.843256585,0.988774808,0.684407023,0.945769276,0.311915431,0.418555246,0.494514224,0.451640409,0.837589867,0.23087035,0.424684546,0.988113864,0.647613039,0.839229431,0.000938097,0.749961717,0.44649362,0.585738486,0.309114331,0.465473697,0.244485254,0.06467719,0.252795898,0.273623725,0.261527224,0.570274869,0.392599479,0.273194192,0.414721366,0.376049831,0.011403789,0.072810455,0.888210923,0.484971549,0.598826641,0.005299796,0.16113734,0.77573569,0.95527786,0.671139745,0.979644105,0.780439306,0.861608318,0.9475885,0.675627958,0.444047583,0.409803463,0.54996686,0.898763073,0.657516468
random54,78,5,25,5,19,20,30,9,47,17,74,57,19,64,3,36,48,96,26,82,60,20,79,30,49,20,81,74,92,70,16,2,79,32,65,86,10,95,59,88,89,46,7,55,35,25,28,88,93,100,87,40,40,83,87,45,53,63,69,60
random55,3,4,3,4,5,8,3,9,9,8,7,3,0,2,0,8,4,8,7,0,5,6,3,7,6,3,0,5,1,9,10,10,1,9,10,7,1,8,3,8,6,10,9,3,2,4,8,7,2,1,7,9,2,5,2,1,7,3,6,10
random56,0.873892547,0.797658227,0.655827188,0.235306242,0.23109062,0.689976859,0.561808278,0.678654887,0.562779785,0.025870551,0.063841703,0.213371471,0.706357053,0.221600773,0.218413197,0.653474949,0.671904342,0.087461726,0.399293604,0.52010708,0.65080558,0.396350196,0.879361532,0.58151387,0.797849804,0.350790001,0.704517829,0.625588628,0.610783757,0.667991146,0.379641581,0.524272358,0.993643572,0.870937828,0.209776357,0.672248209,0.132856932,0.841514531,0.811601581,0.334398973,0.076293482,0.969035548,0.903122715,0.029174344,0.809182178,0.459966254,0.326969703,0.443516183,0.392303762,0.701944339,0.313889451,0.419281714,0.539080282,0.20803625,0.797048643,0.873295895,0.429937693,0.031969382,0.329468635,0.440430724
random57,0.547326431,0.835519964,0.033325668,0.112375945,0.930427267,0.761208618,0.040228885,0.018609722,0.990112081,0.040254003,0.323831554,0.101222152,0.652937798,0.486692917,0.245011416,0.6618859,0.895635822,0.657505332,0.036859648,0.146736514,0.859518281,0.362885134,0.947652036,0.125037419,0.467101023,0.351227596,0.108037928,0.657462907,0.219857198,0.096087365,0.686396243,0.712522227,0.470972242,0.573337974,0.539153226,0.773778878,0.086576842,0.982546937,0.588342735,0.41981429,0.618266226,0.325527768,0.79079623,0.620923331,0.668755342,0.91720081,0.944518386,0.439253881,0.33755418,0.88506463,0.109646076,0.35381916,0.486570673,0.158893516,0.351601627,0.031012788,0.322614651,0.018400141,0.06918574,0.677104672
random58,76,92,98,8,17,1,47,50,8,93,12,26,83,56,37,87,93,61,92,39,7,3,97,2,63,27,6,85,58,37,87,0,41,35,24,93,54,91,77,85,88,80,67,58,75,75,50,12,70,58,32,36,84,67,72,81,12,22,29,49
random59,9,8,2,3,2,1,5,9,4,9,9,9,10,10,7,8,1,8,1,10,1,0,1,0,0,2,3,5,7,3,10,3,5,2,8,1,4,0,7,4,10,2,0,7,1,1,10,7,7,7,7,9,9,5,1,6,2,1,8,5
random60,0.883442555,0.292907936,0.717064954,0.305937273,0.578699318,0.690142464,0.604204472,0.596091608,0.720720699,0.271940206,0.233167519,0.227767843,0.681063903,0.04710375,0.188597207,0.358351302,0.421045472,0.496140709,0.607453824,0.040966901,0.619114476,0.43033987,0.881844614,0.872269993,0.408656569,0.202491353,0.345324322,0.726369414,0.929710942,0.506140792,0.919363135,0.619808819,0.302231625,0.810695627,0.625199161,0.372149718,0.708571073,0.511436622,0.790964463,0.746834414,0.155621213,0.302590332,0.378075594,0.66374122,0.39385533,0.315234311,0.953046477,0.839804475,0.122428043,0.14706383,0.622546305,0.516691311,0.260838939,0.86294078,0.714543881,0.23207804,0.088287416,0.878419474,0.70955973,0.793295074
random61,0.613182819,0.932723517,0.147095614,0.412979892,0.981798331,0.115901943,0.935360869,0.339064109,0.606723757,0.95544397,0.70342626,0.484020776,0.364889001,0.447882085,0.505437508,0.910434646,0.706338277,0.341444894,0.210695399,0.885525117,0.858877119,0.221223,0.83069534,0.282137825,0.160672627,0.959845023,0.039927435,0.38050038,0.495364131,0.948883988,0.575571278,0.613448237,0.621657041,0.776824642,0.151886555,0.805953981,0.645329237,0.058826049,0.758173989,0.429645018,0.405775735,0.597340932,0.184981472,0.163691132,0.166833781,0.528591435,0.656916205,0.361897699,0.381645258,0.988649803,0.153375471,0.489646752,0.592356055,0.08654178,0.907951213,0.330144972,0.91851694,0.811744522,0.965273798,0.15255269
random62,94,20,55,12,35,26,69,98,57,91,14,97,18,61,100,20,68,82,69,3,47,1,40,8,80,83,26,73,48,3,43,6,91,52,57,2,66,73,79,85,23,33,51,94,28,24,49,87,44,74,93,30,80,65,4,45,25,28,26,1
random63,1,7,7,4,6,8,7,1,10,4,8,2,5,3,8,8,6,6,6,8,8,3,9,2,9,5,1,9,10,4,2,0,7,10,3,5,4,0,0,0,2,9,5,6,4,9,1,8,2,6,5,8,9,0,4,9,8,4,6,6
random64,0.353872568,0.844680178,0.217637451,0.715469476,0.711762656,0.222706993,0.512500747,0.300294207,0.359070937,0.369086759,0.551262491,0.191880705,0.937286486,0.456406957,0.164740531,0.99132262,0.068821639,0.617755897,0.943405205,0.658719029,0.672474425,0.076948655,0.425504637,0.726959829,0.847989016,0.371213493,0.598977865,0.023831286,0.426633173,0.671951908,0.82581725,0.468906625,0.504293714,0.141431828,0.957089022,0.78800684,0.16371074,0.747691921,0.780826526,0.703187656,0.907966504,0.754274181,0.143013522,0.517517944,0.745671339,0.609278718,0.090768015,0.969843909,0.014520975,0.708106461,0.639847506,0.664044479,0.139744339,0.348411774,0.71073126,0.191657336,0.971804856,0.829325631,0.95886133,0.194509997
random65,0.732843895,0.898525577,0.550613263,0.436034275,0.35857247,0.238238075,0.596916018,0.291576511,0.650184036,0.577541009,0.530309337,0.320795849,0.91311128,0.196762883,0.046470093,0.382152129,0.292148233,0.058496621,0.344182539,0.686817607,0.003686001,0.486288211,0.396841752,0.272855561,0.783204064,0.556154589,0.684209481,0.128115057,0.13572354,0.717491144,0.986281118,0.312356857,0.918107937,0.497106123,0.621010649,0.812497781,0.177984643,0.103908145,0.148727272,0.093065922,0.02616157,0.802859176,0.550638845,0.894855708,0.605924173,0.679995686,0.104980401,0.978920127,0.812976153,0.673934864,0.308803777,0.069126042,0.008095498,0.306262769,0.200310881,0.936633257,0.163640008,0.64909204,0.874222833,0.502214816
random66,3,100,52,61,38,27,19,68,20,2,54,23,42,45,69,55,24,56,53,4,51,12,42,52,86,87,7,56,12,27,97,74,56,82,50,76,33,91,21,85,58,84,75,3,65,27,37,62,41,17,51,74,30,63,67,39,32,76,52,86
random67,9,7,1,2,3,1,6,1,10,0,9,9,4,10,4,6,0,6,6,0,5,6,8,0,0,5,0,0,0,8,10,9,0,10,7,1,3,2,3,5,5,1,9,0,2,1,1,10,8,5,7,9,7,3,3,3,8,0,6,7
random68,0.952311462,0.714819971,0.509212955,0.925692085,0.076365891,0.056597352,0.859358743,0.838473367,0.707993659,0.152060523,0.553880413,0.070245849,0.405915934,0.48444538,0.84818811,0.220045585,0.750163059,0.182898271,0.417735536,0.412934559,0.558925234,0.607936681,0.727483113,0.264160028,0.566404869,0.131703926,0.621813254,0.181509208,0.524237342,0.951207248,0.698470418,0.518755672,0.552701513,0.96996626,0.880634588,0.785121366,0.80151837,0.172342343,0.629339954,0.484910165,0.961763182,0.779150898,0.798475748,0.415020552,0.066099454,0.169064048,0.881542373,0.249482372,0.102587459,0.415287507,0.296400573,0.481114932,0.412703429,0.398908333,0.477606612,0.470253551,0.696364279,0.673684983,0.275921313,0.599721321
random69,0.375379724,0.212791695,0.743613523,0.042799675,0.197464465,0.351119846,0.262501623,0.988118898,0.326293155,0.562411049,0.138782229,0.102805276,0.313758427,0.806815709,0.402038911,0.306265839,0.135131369,0.258215759,0.018601879,0.117281866,0.084672988,0.27724372,0.385036421,0.392352079,0.357298218,0.811464836,0.886143068,0.055056794,0.356068724,0.557717826,0.25109041,0.60288743,0.376862604,0.689928661,0.762738094,0.742867816,0.054492913,0.625968576,0.594864375,0.005242146,0.860441634,0.609374872,0.162714497,0.258062789,0.124710623,0.543101819,0.379827953,0.437524282,0.847668246,0.97558474,0.90073888,0.652773311,0.335810999,0.408142724,0.809302191,0.775223824,0.54795923,0.355634231,0.263334761,0.635194654
random70,100,56,62,64,4,30,97,89,40,39,38,76,92,32,4,33,87,61,16,7,34,72,11,4,63,91,78,60,72,52,45,74,25,31,83,26,68,86,44,90,47,76,64,74,24,9,20,52,83,12,48,57,22,64,52,80,52,13,6,52
random71,6,4,4,9,4,7,9,3,4,1,6,8,0,8,5,2,3,10,6,0,1,7,1,6,8,4,2,10,1,5,8,10,3,7,3,10,9,7,4,9,4,8,6,0,4,6,9,3,0,2,2,9,8,7,9,0,8,0,2,0
random72,0.302123125,0.105270875,0.156461555,0.634200059,0.077747186,0.246366024,0.177500721,0.489390829,0.498294038,0.068947909,0.090014361,0.126762154,0.723189565,0.097002814,0.103601443,0.53049999,0.329977989,0.137569996,0.913926414,0.26944073,0.369099175,0.392743344,0.77372181,0.220324566,0.448000547,0.667092525,0.792059163,0.123592666,0.248988985,0.745001739,0.350576128,0.152741453,0.235390693,0.868675226,0.482735241,0.240204429,0.084128616,0.26693554,0.210273546,0.859883947,0.764456807,0.982053721,0.943989803,0.741726609,0.274041692,0.02540315,0.665717717,0.19458195,0.053136657,0.896471518,0.372100924,0.331867474,0.334640787,0.896432764,0.110705136,0.256502837,0.283861086,0.874159533,0.921859426,0.267702946
random73,0.89719947,0.554437485,0.860696835,0.343611272,0.309380275,0.703375893,0.6251232,0.592786714,0.312330558,0.297295602,0.906886486,0.585487779,0.029795772,0.53516952,0.470292308,0.218726636,0.86564511,0.240282185,0.315810251,0.134835936,0.270698777,0.431201416,0.125570846,0.083817145,0.575068544,0.16304746,0.950172282,0.087414364,0.518719647,0.373552448,0.931735137,0.678891631,0.944982607,0.994693673,0.840165897,0.023967025,0.97464208,0.440028747,0.702050746,0.841260706,0.530557592,0.296453656,0.494043244,0.92932348,0.212814621,0.031265324,0.823041552,0.171735711,0.529331468,0.059522579,0.918878479,0.568540301,0.48508268,0.752757307,0.474425079,0.834094104,0.583880353,0.654413915,0.367786744,0.489646993
random74,12,65,91,92,58,14,3,94,51,36,99,13,73,95,88,18,53,46,84,100,21,20,91,72,84,4,84,77,89,5,92,12,41,84,88,18,63,79,48,20,65,21,5,21,49,78,40,48,76,0,63,3,86,12,55,43,3,70,93,79
random75,5,6,8,0,7,10,7,8,6,5,7,4,3,0,9,7,10,0,9,5,10,5,2,6,0,4,3,0,2,1,8,5,4,2,7,0,5,4,6,1,2,9,8,2,9,2,6,9,3,3,3,5,5,0,8,4,3,7,10,5
random76,0.214666766,0.172762497,0.502860012,0.755566958,0.355146143,0.610637217,0.033773323,0.786292866,0.886720348,0.958221321,0.916362724,0.288647812,0.061352787,0.67488857,0.421592435,0.091482563,0.328682302,0.799401943,0.690372296,0.83915287,0.852573398,0.179571088,0.169018316,0.920087413,0.964598601,0.485016457,0.862398741,0.538504469,0.836809802,0.29326893,0.225954285,0.329731928,0.363405325,0.543598384,0.948444215,0.037781707,0.597519366,0.12108356,0.265321229,0.461589788,0.366606994,0.140089617,0.856026945,0.572766802,0.979894231,0.727715879,0.450655959,0.981646788,0.866118345,0.768183754,0.00273335,0.980620264,0.592191718,0.957244302,0.750895533,0.360618321,0.270894904,0.413341691,0.831204523,0.687647204
random77,0.147994861,0.331566051,0.001923775,0.635838938,0.316640488,0.84201496,0.100016512,0.244505479,0.138961509,0.203349637,0.564520249,0.888141034,0.632684989,0.862603264,0.511070753,0.584964977,0.699653574,0.809091905,0.933751666,0.310481576,0.130879224,0.418647263,0.462879715,0.625434647,0.977157806,0.024169286,0.117949861,0.0708153,0.372001769,0.533185804,0.992108716,0.873522417,0.267797327,0.917259051,0.148572188,0.714930076,0.593253075,0.447162183,0.205085928,0.942339489,0.646150383,0.828142541,0.591894233,0.673715018,0.849175868,0.24906073,0.780535713,0.858881397,0.246890678,0.330823712,0.472584589,0.917831272,0.428155623,0.429262981,0.635584461,0.490225377,0.944588816,0.409788563,0.637016951,0.732476284
random78,76,60,20,100,39,32,26,87,67,73,89,77,1,45,20,32,28,5,2,31,79,91,10,79,27,6,13,92,12,92,31,17,27,9,93,56,48,80,86,33,42,71,76,27,51,98,71,24,70,36,74,67,84,19,96,89,45,27,53,36
random79,10,9,5,0,3,9,7,9,5,5,4,0,7,9,3,10,3,6,7,6,1,8,3,4,0,9,9,10,6,7,4,10,4,8,1,1,0,0,7,3,6,10,7,7,9,5,4,7,5,8,6,6,6,1,6,4,9,2,0,10
random80,0.287612048,0.908041757,0.438922509,0.765467479,0.299492902,0.401731016,0.233315639,0.973409666,0.349006118,0.434183422,0.572142197,0.721652151,0.661797173,0.845978719,0.614336495,0.452302806,0.303756501,0.609368192,0.119686675,0.651490473,0.268283612,0.584980246,0.133678164,0.753922817,0.576187912,0.76121764,0.380420467,0.136665115,0.89355666,0.916661974,0.645351966,0.004550058,0.893085562,0.93208647,0.448721634,0.596155968,0.934110758,0.893678813,0.929510278,0.209773913,0.705323536,0.032725233,0.326326454,0.414944657,0.968132085,0.993703126,0.204999452,0.287640197,0.002096532,0.404526652,0.038967309,0.494846773,0.903735143,0.58804288,0.539948651,0.724016677,0.885407086,0.15032891,0.84074605,0.588166613
random81,0.096294913,0.899340771,0.877151248,0.494436054,0.57183393,0.291969732,0.65078682,0.777791949,0.527940497,0.200481007,0.190200215,0.412156598,0.320428893,0.362470027,0.45872346,0.782943848,0.905987836,0.257248342,0.069994195,0.535004116,0.749269137,0.267866408,0.331018709,0.019655008,0.415565512,0.376026947,0.707664702,0.659078061,0.196852584,0.432621758,0.291973496,0.394799566,0.484395356,0.94388758,0.128659758,0.994238406,0.50404712,0.907407697,0.258199112,0.642438733,0.562740609,0.061202981,0.793007068,0.510481376,0.465287896,0.029191224,0.933012796,0.13253217,0.593927719,0.843760045,0.811300078,0.305211117,0.004676497,0.922618626,0.071605785,0.618248366,0.028319437,0.13780458,0.141605615,0.770886336
random82,63,23,17,60,15,52,37,2,58,60,9,94,18,36,76,4,64,0,57,0,88,25,20,87,44,31,25,61,10,22,10,73,100,43,86,46,76,37,34,78,75,12,38,70,12,91,59,7,97,96,12,70,9,43,75,37,42,3,97,1
random83,9,4,3,3,6,9,3,10,7,5,4,4,9,1,0,7,9,10,7,6,7,10,10,9,0,10,4,2,6,1,1,2,3,0,6,0,5,9,5,10,2,1,2,7,6,4,8,4,4,1,1,8,3,3,1,0,4,0,2,2
random84,0.478126552,0.802363956,0.531303319,0.589409881,0.292660841,0.265946253,0.626196186,0.152478158,0.378408255,0.813789338,0.210597493,0.020490958,0.124478163,0.798574801,0.932059059,0.648521858,0.588165555,0.757480395,0.725361748,0.543450592,0.135956562,0.028999301,0.771507532,0.679510076,0.572600955,0.551588576,0.28926389,0.676245876,0.742478509,0.883784492,0.407059425,0.490862323,0.666381987,0.324735666,0.510402299,0.777518657,0.282276071,0.687569431,0.003400284,0.198633217,0.496259812,0.709855745,0.202507147,0.103385165,0.489740897,0.315580405,0.532144096,0.033276138,0.697675132,0.377803216,0.070414411,0.812032419,0.072535919,0.030272225,0.651514554,0.124073757,0.532953256,0.131438957,0.360822624,0.194093741
random85,0.579811418,0.843194253,0.090668614,0.848551018,0.928191707,0.395384387,0.736084311,0.288668858,0.706020751,0.60764566,0.888298296,0.536696624,0.129139214,0.110685988,0.239208675,0.013345992,0.335684126,0.460786013,0.229563965,0.886914069,0.785476202,0.933271742,0.667413118,0.007829793,0.391555659,0.468164798,0.135658653,0.291285072,0.665047687,0.789050462,0.773690824,0.027232745,0.347434276,0.454885415,0.52816849,0.662633292,0.11039738,0.893249741,0.862167566,0.283452371,0.896081539,0.878170325,0.184045874,0.364617827,0.42344422,0.738913277,0.336720169,0.140400096,0.256508243,0.983388149,0.242695898,0.195384483,0.049030551,0.120590293,0.65897724,0.094713651,0.677913359,0.055011848,0.768854535,0.007023422
random86,47,6,1,12,42,98,26,14,98,85,87,64,91,0,37,80,42,63,92,8,56,80,71,51,95,21,1,48,18,23,46,96,61,85,30,25,81,23,72,68,77,30,8,58,18,31,56,28,13,17,15,46,99,56,26,1,94,96,14,96
random87,8,3,6,3,5,10,5,10,0,0,7,1,4,10,8,6,10,2,3,5,10,4,3,6,0,6,9,2,5,2,3,1,9,5,10,6,1,5,7,10,0,1,7,4,3,9,3,9,3,4,7,1,5,7,5,4,1,7,0,9
random88,0.673739681,0.167308885,0.154149193,0.227004404,0.066275551,0.905991911,0.486814422,0.003292764,0.286702763,0.386027414,0.04357284,0.595397627,0.05983104,0.713561761,0.736541805,0.198703796,0.328976029,0.618531798,0.722834401,0.395193312,0.117683132,0.474354052,0.271322827,0.247397122,0.211344425,0.646164412,0.683853879,0.386695771,0.028882375,0.163091422,0.251148347,0.163132478,0.769855332,0.230344052,0.999010792,0.73758017,0.269693768,0.573116709,0.307012389,0.946418776,0.947649767,0.723578993,0.705528441,0.471096077,0.245559125,0.199962033,0.837384627,0.273819665,0.817741698,0.042490673,0.267722939,0.006999686,0.330886826,0.427963954,0.317862838,0.01459068,0.260697648,0.911239342,0.861856468,0.03564087
random89,0.720735617,0.188073382,0.436319037,0.611328765,0.786800556,0.144080881,0.507467772,0.214888106,0.961997735,0.838892789,0.462192334,0.243339182,0.272498378,0.85718192,0.103357651,0.987436566,0.107930616,0.291348442,0.693510467,0.941150616,0.435105902,0.520063409,0.539640288,0.13975061,0.963209135,0.411318195,0.687896407,0.643618783,0.255898889,0.321044654,0.859366213,0.394715605,0.559761597,0.519112549,0.986951482,0.012726935,0.454744049,0.78459138,0.855525905,0.143620268,0.472233467,0.157430923,0.972761945,0.101969739,0.999164956,0.430298868,0.074071179,0.528322088,0.592876998,0.175120328,0.21440249,0.458245588,0.73233757,0.081538084,0.956683622,0.822306125,0.969771658,0.835014571,0.426359069,0.410314344
random90,86,28,86,100,8,64,15,84,18,93,42,42,41,6,41,73,37,11,52,87,29,46,12,17,93,24,12,41,96,35,83,42,36,27,69,42,85,43,72,78,74,11,85,80,44,98,24,67,58,22,14,84,36,34,85,57,57,61,79,7
random91,5,5,5,1,8,2,1,8,2,8,8,10,10,5,0,2,5,9,3,7,0,4,6,1,5,9,5,10,10,4,0,9,3,6,3,5,4,9,4,8,9,7,6,5,7,8,4,0,8,2,2,4,9,5,1,5,8,10,3,9
random92,0.109738099,0.25383638,0.990642494,0.178835246,0.764615859,0.860808737,0.372077842,0.951237047,0.236169128,0.268564619,0.648247883,0.001255975,0.161343596,0.27672858,0.297889514,0.217258023,0.101424007,0.264230257,0.433922063,0.57563545,0.268937324,0.090893381,0.845871509,0.729227747,0.721606829,0.309607,0.553205275,0.483888832,0.163275085,0.383857797,0.524051847,0.790822543,0.569699488,0.685346058,0.049891777,0.395184084,0.712259277,0.14507631,0.545366171,0.858915927,0.295651728,0.912580788,0.99713254,0.392119106,0.154518152,0.953929853,0.373184527,0.439637215,0.159901713,0.278358938,0.24649513,0.452981922,0.815316113,0.031464313,0.684243811,0.484300179,0.970806207,0.694110618,0.89451158,0.010926143
random93,0.262961061,0.020741573,0.723573476,0.669805721,0.559750907,0.080889917,0.940405608,0.510154613,0.740140614,0.398746588,0.103120668,0.219884168,0.647301471,0.231501579,0.312378605,0.448742835,0.558777652,0.665098949,0.401233429,0.186245493,0.184077766,0.388572258,0.847888883,0.671855649,0.759309964,0.327912633,0.866965147,0.461500386,0.531765221,0.519459821,0.278895496,0.708302107,0.557616101,0.93317813,0.640437749,0.726327686,0.746326307,0.317662164,0.338571548,0.708420805,0.520789293,0.687739,0.413659413,0.811142553,0.075779465,0.163456521,0.61195067,0.474204929,0.61695576,0.219653171,0.009514368,0.018829989,0.043989528,0.764761938,0.957384924,0.982773751,0.043087301,0.749363892,0.190313538,0.498256694
random94,11,27,84,57,68,93,50,39,81,90,18,38,40,27,46,85,93,2,66,58,85,71,65,5,35,94,99,86,52,90,13,30,18,25,54,0,20,96,31,87,3,10,47,92,85,70,14,71,16,16,29,27,7,27,73,34,45,66,92,28
random95,6,6,8,7,7,6,3,10,2,1,1,0,0,8,6,6,3,6,1,5,2,1,0,7,7,0,3,8,10,9,1,9,9,3,2,1,1,2,9,6,8,3,5,1,7,8,3,5,1,9,4,2,7,3,8,0,10,7,6,8
random96,0.942732634,0.568601851,0.02459551,0.575893043,0.169932998,0.192860419,0.048350723,0.376410762,0.733618646,0.757524395,0.170867108,0.307296106,0.910486872,0.89487708,0.95743286,0.974838016,0.869201831,0.282811998,0.840244411,0.105918442,0.099182988,0.343816067,0.520919871,0.292035746,0.619242357,0.668698224,0.862927468,0.856727369,0.099531796,0.118049973,0.556641761,0.464449369,0.452017605,0.181489685,0.792265062,0.736111324,0.807913831,0.206871167,0.076869518,0.305123466,0.1279291,0.997106949,0.886754285,0.206470133,0.903168731,0.199887563,0.265685344,0.699783448,0.782143976,0.963225346,0.490973089,0.763965394,0.345999622,0.748952073,0.079939939,0.892341239,0.834362597,0.928400734,0.602599595,0.305488392
random97,0.658565669,0.720086632,0.189748394,0.2922964,0.307998881,0.458239602,0.69772232,0.07391543,0.888242878,0.098915872,0.854241417,0.896203528,0.380646335,0.369943413,0.924150944,0.810902542,0.031783284,0.802424166,0.367793058,0.662914299,0.675378058,0.471119458,0.85338118,0.122208702,0.812206873,0.324207268,0.076698342,0.927371617,0.870123321,0.621464888,0.089344769,0.461026159,0.436113348,0.657584401,0.935253889,0.248863178,0.110601358,0.87732229,0.538096396,0.381239983,0.877925638,0.929537705,0.788683042,0.970702042,0.058400443,0.042089176,0.493166573,0.888295506,0.729721624,0.779211365,0.93163521,0.424051626,0.132633041,0.791905884,0.495855178,0.261774585,0.311360259,0.223167101,0.375267314,0.179021286
random98,47,35,11,24,23,77,68,37,83,51,91,39,3,97,89,10,68,92,55,91,90,80,56,18,14,40,17,74,61,67,49,87,4,47,2,10,67,22,13,91,14,41,22,33,40,7,82,36,57,21,32,16,2,91,39,55,13,59,20,4
random99,9,8,5,10,6,10,2,1,1,0,4,2,7,2,6,6,1,8,9,7,0,7,1,4,10,9,9,0,0,5,2,5,3,1,0,6,3,1,3,3,4,3,9,1,2,10,10,10,0,5,3,9,3,7,0,5,5,9,5,5
random100,0.502965765,0.227933257,0.356698109,0.31357535,0.796638545,0.475339928,0.500846253,0.210127688,0.412038825,0.817510595,0.897781469,0.300624601,0.664050974,0.432540361,0.874823043,0.344522777,0.214477023,0.441499011,0.701830754,0.562580937,0.583622239,0.756741897,0.634652652,0.781860803,0.273867881,0.844323913,0.416588393,0.514853194,0.64555001,0.710369185,0.286659142,0.753015623,0.491425085,0.029494571,0.361241894,0.924514017,0.915101709,0.52033761,0.402715219,0.146346212,0.050797305,0.82285099,0.819491848,0.5047588,0.842657404,0.170518536,0.244705826,0.487246621,0.987643565,0.050430863,0.454575209,0.671592287,0.260116746,0.931592305,0.002120159,0.69338338,0.146323813,0.775983355,0.003450954,0.477100661
random101,0.439802169,0.194069748,0.060776632,0.486815197,0.173971433,0.048337546,0.825264827,0.953609462,0.664016406,0.801615866,0.466992125,0.090056009,0.55887219,0.779410927,0.254507167,0.005838972,0.849535926,0.430311891,0.513498861,0.311876748,0.811297531,0.430699705,0.277022493,0.770546409,0.958315443,0.766636376,0.896421104,0.523471072,0.408328501,0.981087253,0.44918455,0.396662586,0.588029931,0.306317815,0.973290359,0.783340409,0.158196499,0.856923447,0.757693937,0.931747519,0.744154396,0.56256659,0.772061554,0.706823276,0.869506521,0.165545782,0.087242278,0.547878219,0.552196692,0.879134991,0.618564036,0.036705706,0.986485042,0.712405943,0.655677837,0.887905939,0.887929791,0.404160695,0.736045799,0.108150198
random102,8,6,89,93,17,79,77,0,6,65,22,76,76,25,54,42,88,56,85,57,53,22,79,11,77,57,57,81,33,75,83,22,19,41,17,72,68,33,1,3,66,30,5,12,67,68,10,38,52,23,69,43,91,95,8,27,55,31,74,56
random103,1,9,1,7,0,7,1,4,9,6,7,3,3,4,9,8,6,10,4,9,8,3,8,7,10,9,5,7,4,6,2,2,0,7,2,1,7,0,4,8,10,1,9,5,5,0,4,0,1,5,8,2,2,9,3,6,6,3,0,9
random104,0.78166405,0.668808672,0.240815601,0.960062055,0.537992304,0.719496648,0.438391247,0.713501092,0.762163193,0.019896778,0.371881552,0.32274153,0.009326421,0.42860011,0.726566294,0.613276857,0.597821531,0.649944699,0.777221043,0.981676694,0.265523338,0.501183287,0.280483215,0.362808368,0.044994156,0.856847881,0.106940937,0.158340467,0.64326439,0.534964585,0.41315411,0.730431604,0.737324042,0.138003721,0.711131921,0.291827062,0.848507967,0.716200412,0.987978534,0.072582914,0.511775038,0.223472928,0.130908806,0.587964781,0.558835012,0.940330189,0.933171495,0.208702312,0.972995899,0.391591213,0.340281938,0.199218565,0.718441151,0.524058304,0.879418572,0.416452421,0.467573246,0.774514273,0.212453322,0.735195777
random105,0.48919376,0.974809132,0.708490748,0.54449199,0.323337791,0.058465804,0.827054062,0.395586032,0.844636712,0.480609645,0.273191235,0.574519843,0.298253771,0.067810025,0.39659005,0.706881523,0.680555543,0.213568213,0.857046277,0.508197474,0.449166308,0.824158936,0.194717574,0.535219237,0.277655789,0.223354007,0.544061494,0.008885548,0.81550345,0.76738663,0.339003959,0.691927923,0.348338667,0.123103285,0.373361481,0.552907448,0.265834186,0.14472608,0.014461061,0.659768252,0.370870481,0.225561713,0.549348675,0.609087435,0.512121035,0.186663464,0.414511718,0.573953575,0.997574596,0.169139084,0.773669464,0.028419728,0.926532698,0.298910712,0.062162235,0.577881733,0.241419934,0.89595886,0.8868707,0.804538275
random106,51,43,31,52,67,70,8,93,90,4,53,27,70,79,92,91,13,71,69,95,3,73,85,92,55,88,55,26,0,81,36,38,21,39,31,77,54,85,73,67,54,94,84,88,31,97,83,46,35,68,47,6,86,70,9,16,51,60,88,56
random107,4,7,10,5,2,4,10,4,8,3,3,6,0,3,6,0,7,6,3,3,5,4,4,4,5,4,6,4,4,4,9,4,9,10,6,8,0,3,0,3,5,9,1,8,9,0,6,5,10,4,8,0,5,3,7,10,1,8,10,10
random108,0.495478639,0.752598518,0.204355512,0.203988026,0.976141498,0.498837124,0.042800383,0.487931598,0.138264089,0.073086265,0.086157783,0.360245979,0.779413664,0.548115484,0.768338089,0.994006613,0.30765943,0.343213107,0.697215108,0.852255783,0.121093482,0.739036972,0.236180244,0.286457154,0.149417213,0.489048576,0.819105404,0.848261736,0.322607353,0.927112488,0.771536232,0.506157095,0.086032368,0.184712118,0.453643318,0.852917848,0.061292622,0.212648075,0.436457838,0.359053417,0.278958011,0.168875863,0.742057082,0.150457487,0.803445682,0.143007485,0.638302728,0.143069038,0.340000586,0.515998418,0.182944628,0.410265065,0.992446193,0.006603312,0.312244214,0.57652334,0.429843164,0.734796504,0.301960544,0.379738725
random109,0.303506067,0.958326804,0.213786652,0.00156289,0.305733572,0.736561821,0.798425921,0.098830202,0.812389009,0.097475853,0.937422443,0.158773871,0.075325851,0.011244359,0.882976249,0.803553297,0.987537399,0.242833433,0.051336842,0.947015479,0.161200113,0.908768655,0.249693322,0.685895765,0.272947116,0.852670309,0.81495547,0.395076747,0.632286075,0.872548648,0.096959404,0.465304384,0.51284188,0.687506377,0.663855874,0.505193486,0.484764596,0.334763194,0.628239013,0.964390773,0.060085494,0.934984151,0.898199823,0.322003651,0.130001019,0.667000666,0.701003963,0.597729731,0.185461514,0.640113002,0.366816757,0.99167132,0.586600375,0.375915222,0.316267756,0.579414962,0.391485343,0.134973823,0.315416472,0.414984689
random110,6,20,38,32,12,94,28,51,15,15,52,4,2,31,68,50,75,43,81,43,51,63,15,99,74,91,0,74,94,49,90,44,14,48,73,10,6,27,21,9,93,77,11,57,16,27,30,14,61,7,10,89,72,59,40,51,20,29,63,22
random111,0,0,4,10,9,9,6,10,2,7,2,8,0,10,7,7,6,9,8,6,2,7,10,6,3,7,3,9,8,0,9,4,9,5,6,9,7,2,1,4,10,5,2,2,5,8,2,6,5,7,2,8,0,0,6,5,6,6,3,5
random112,0.143758829,0.148306524,0.040525671,0.749118839,0.904514382,0.27172238,0.056333319,0.069495052,0.893611255,0.787849391,0.021526048,0.601091834,0.598859151,0.168826087,0.65763536,0.243804005,0.784952244,0.73261928,0.589942182,0.364970485,0.697281239,0.599509575,0.258568496,0.181875567,0.348870244,0.137420945,0.374408779,0.425563968,0.382289164,0.476392979,0.179714724,0.63603201,0.3102306,0.358679719,0.475804093,0.959911589,0.559204248,0.542188815,0.938080431,0.298864962,0.139555346,0.376486537,0.496698839,0.00209601,0.642707699,0.391691624,0.439286408,0.817818937,0.240838071,0.303791952,0.522688235,0.737540094,0.470994433,0.945220778,0.614071007,0.519536139,0.6169709,0.011783589,0.841741127,0.415972702
random113,0.49190633,0.513723475,0.640159613,0.037014067,0.099916377,0.144540384,0.097828287,0.447833549,0.507345756,0.312860807,0.062522165,0.667724531,0.854624061,0.158913526,0.686697817,0.569715853,0.553534517,0.757657546,0.929754236,0.363293926,0.930553434,0.983192022,0.379352779,0.22454975,0.107254089,0.838754314,0.620128455,0.494562023,0.419793604,0.008283038,0.592846363,0.544815646,0.954281429,0.937785099,0.298808103,0.36934673,0.714234171,0.050818448,0.683144697,0.18287225,0.319870008,0.100810521,0.794649786,0.941610738,0.813365352,0.143139986,0.206760465,0.041343458,0.452041718,0.310286653,0.636195176,0.419899616,0.274225555,0.748033997,0.44804231,0.506525389,0.114293556,0.29580218,0.518513992,0.153288686
random114,13,57,56,15,50,38,85,100,79,13,80,67,36,77,12,7,34,44,52,8,94,76,47,8,18,26,49,97,8,44,16,56,66,34,77,85,94,9,62,10,76,70,58,50,71,34,61,5,45,98,17,86,63,90,50,70,59,82,62,38
random115,6,8,8,4,0,2,4,3,1,7,7,5,10,2,7,9,1,3,5,6,6,8,0,2,9,10,1,10,0,8,6,0,9,3,8,7,6,5,7,2,4,0,2,6,3,0,0,5,1,4,0,1,8,7,9,4,2,0,1,7
random116,0.680097545,0.977157283,0.179246612,0.897068031,0.998280115,0.019280728,0.156924305,0.88810555,0.383836114,0.488862652,0.786711835,0.409944136,0.610725976,0.842017683,0.241770468,0.138745259,0.499470405,0.063110607,0.966230626,0.165606783,0.437967262,0.433951195,0.784678185,0.637554271,0.971129955,0.946095112,0.864317938,0.52563735,0.427328689,0.195794413,0.988417662,0.194142453,0.375280921,0.763101864,0.728600798,0.299369674,0.524630228,0.128162602,0.937488326,0.702352093,0.380081427,0.196870428,0.560530603,0.953719382,0.195912641,0.425983342,0.222516257,0.831937611,0.387708716,0.558368406,0.720207744,0.800807429,0.680547499,0.302289055,0.283705879,0.314586745,0.951356892,0.006762564,0.990140374,0.461530317
random117,0.675961609,0.647183623,0.476955639,0.009579516,0.753505208,0.874042608,0.420490986,0.929821151,0.232928387,0.379798802,0.199718516,0.190691153,0.487160012,0.828380463,0.990865794,0.541721242,0.321383233,0.323928599,0.216723759,0.405233492,0.554578842,0.705000174,0.741309418,0.318615646,0.216554193,0.394766609,0.474064116,0.494810474,0.924388496,0.678868963,0.53974534,0.635891958,0.526978558,0.635411426,0.35464184,0.436891529,0.774062117,0.886508826,0.376996386,0.60599441,0.537127047,0.459297473,0.577015202,0.904618167,0.111784538,0.240132426,0.56501688,0.623768788,0.451787019,0.735939113,0.997717274,0.171738375,0.625196222,0.29308006,0.189752212,0.083459107,0.643036586,0.736092593,0.777309824,0.060785617
random118,74,52,78,62,44,10,96,38,60,25,30,72,96,56,27,70,13,23,52,98,89,63,20,7,24,43,11,71,13,58,54,35,34,76,27,90,33,0,19,16,21,99,40,85,82,55,42,24,27,73,94,47,19,84,18,81,73,84,29,34
random119,10,8,4,5,1,9,9,3,6,6,9,5,0,4,4,8,5,6,1,0,4,2,6,4,1,6,9,9,1,6,2,7,3,0,0,8,9,3,5,10,3,2,6,1,9,0,7,4,6,2,9,2,8,2,6,5,6,0,9,0
random120,0.095102004,0.297035187,0.055629621,0.489397534,0.424531921,0.496734638,0.765967906,0.034188261,0.94840401,0.835330165,0.87707163,0.502053077,0.090882823,0.393074159,0.705429587,0.882831816,0.524717675,0.226581207,0.339838355,0.90664537,0.149601871,0.492862141,0.779810905,0.678976828,0.923144823,0.319879118,0.946594429,0.765942546,0.62560737,0.584551069,0.751194365,0.218585515,0.6457024,0.721823484,0.449244887,0.039780444,0.982082497,0.865959865,0.128000569,0.114626689,0.919035271,0.518676406,0.647174074,0.274702332,0.238765105,0.057572426,0.17035952,0.956624984,0.573787241,0.930911369,0.028451572,0.16469919,0.096377396,0.102580376,0.047095437,0.121200358,0.629599331,0.270477877,0.91248078,0.952701142
random121,0.33508411,0.914286839,0.349126348,0.322824329,0.148719986,0.960853423,0.747039673,0.244291967,0.84527647,0.110077893,0.168226908,0.683358616,0.323160826,0.474958721,0.389732816,0.375044647,0.531238009,0.625611238,0.987342668,0.721194158,0.488054201,0.895887616,0.321555969,0.469614066,0.35007519,0.226361407,0.732305316,0.269032202,0.520795051,0.328992364,0.444897586,0.58176808,0.630262521,0.121410691,0.845473891,0.413733884,0.585540379,0.000244643,0.889023954,0.253404358,0.054913919,0.407988637,0.791601529,0.922481359,0.044593938,0.243314964,0.649652303,0.973687908,0.028418387,0.948314737,0.85517676,0.178540671,0.365382113,0.808737858,0.097057573,0.95492445,0.651596501,0.45337266,0.315700931,0.652691551
random122,47,56,56,12,47,87,32,38,49,100,75,80,99,0,97,5,28,82,88,29,48,54,58,64,82,100,59,8,59,12,29,94,5,12,98,95,40,46,3,95,96,18,18,80,99,49,65,52,99,50,62,22,18,13,55,100,16,50,43,61
random123,1,6,5,5,4,6,8,1,5,4,5,8,3,5,3,1,4,7,8,0,3,8,7,3,10,4,6,1,0,1,2,8,10,8,1,4,2,0,8,2,5,4,0,8,3,5,4,2,3,9,5,7,2,8,10,6,8,9,6,10
random124,0.357021087,0.480772272,0.421935521,0.101912077,0.183811921,0.644324257,0.908697567,0.311194026,0.748417742,0.936406013,0.232486794,0.922608395,0.289222864,0.993452702,0.430200995,0.290221224,0.747588691,0.347076904,0.451826019,0.020502006,0.971041833,0.660000849,0.190324244,0.288536035,0.350481664,0.761921832,0.457324765,0.865812896,0.419505523,0.718176688,0.2340461,0.672038138,0.243783307,0.315614229,0.569324555,0.402286944,0.75117748,0.072595942,0.556351758,0.858631439,0.742074059,0.858251248,0.772029233,0.886300634,0.764694745,0.400332889,0.782213758,0.471078345,0.62316211,0.415247526,0.281620748,0.749675042,0.514843142,0.219786787,0.735632274,0.011044343,0.007515511,0.653913357,0.332294371,0.380245557
random125,0.26019493,0.920790104,0.243173409,0.784703206,0.019830081,0.598550177,0.158777931,0.581729483,0.646759525,0.288898419,0.587662145,0.499539536,0.463431723,0.6477599,0.336431971,0.848918749,0.836115751,0.351509734,0.970809107,0.325305848,0.71192505,0.691450877,0.474587866,0.710443729,0.516302659,0.372638807,0.597019515,0.253078457,0.804070683,0.591307994,0.456877571,0.581938783,0.924415725,0.141480406,0.927552208,0.456578142,0.75135302,0.543253934,0.307262056,0.196441099,0.604414449,0.392813028,0.272505499,0.631216311,0.001532065,0.706070219,0.381931495,0.044851562,0.437834988,0.457398699,0.18635329,0.577695418,0.054120667,0.0467258,0.912556646,0.100313073,0.28871203,0.319978859,0.720077821,0.675351278
random126,6,82,38,71,78,67,6,58,38,80,71,0,84,5,13,84,21,26,21,41,29,60,19,65,26,63,42,88,7,54,8,12,2,14,98,58,3,88,97,40,35,41,84,13,14,77,100,32,52,84,96,80,8,3,88,50,43,10,8,21
random127,10,10,3,10,0,5,1,8,6,3,1,5,8,2,6,5,10,8,5,2,5,5,10,0,7,7,2,3,9,4,4,6,6,5,10,9,4,1,4,6,5,8,3,1,0,3,2,7,5,7,5,4,4,8,9,4,5,9,8,8
random128,0.294038572,0.262178967,0.285836831,0.583774309,0.282274166,0.610393772,0.605209246,0.758424768,0.744916347,0.551273476,0.516506,0.868858654,0.230317238,0.967744259,0.045918031,0.541267444,0.203515134,0.049345588,0.572285689,0.255536341,0.587327496,0.141595919,0.505114623,0.013575541,0.577277129,0.21202463,0.573668121,0.353729192,0.656639917,0.467593246,0.96499338,0.215771878,0.738133118,0.300070716,0.142744632,0.954178079,0.839474042,0.326078306,0.406792804,0.499028158,0.703885092,0.294330428,0.951513232,0.844170089,0.311015985,0.871214982,0.617985911,0.560276643,0.159618683,0.537542762,0.023643354,0.171346478,0.959647641,0.461238306,0.585226901,0.326763985,0.491529542,0.478654347,0.261321813,0.654711828
random129,0.972325495,0.098317414,0.900784774,0.301411381,0.894078568,0.889027408,0.141668059,0.553342068,0.110650189,0.55729536,0.478247978,0.102986808,0.261276873,0.548127114,0.138645419,0.529090479,0.672296233,0.073743753,0.666567562,0.408266328,0.042472616,0.94569884,0.839691457,0.420652785,0.63748517,0.111657565,0.3834691,0.548116511,0.233203912,0.647951722,0.503573367,0.396776759,0.615346005,0.922054315,0.913292167,0.18306048,0.059716986,0.430973229,0.192959483,0.254490974,0.442571718,0.275902691,0.042323328,0.185314664,0.545113789,0.454465652,0.834515304,0.886902895,0.792555956,0.574691307,0.826005478,0.646583918,0.583698793,0.806689191,0.857278345,0.042857472,0.863250446,0.791355441,0.364305549,0.550241831
random130,97,86,66,18,3,82,47,68,13,36,21,28,11,90,73,30,95,18,27,40,27,99,77,18,74,19,44,62,53,63,81,82,32,94,39,7,99,89,49,67,50,74,75,99,24,23,47,13,43,63,74,75,23,30,71,96,64,10,14,27
random131,8,2,8,4,0,6,5,10,1,0,5,8,4,8,9,5,8,3,2,3,5,5,5,9,1,2,8,6,10,1,5,8,0,0,3,4,8,6,8,10,7,8,4,0,5,5,8,2,3,9,10,6,10,2,7,6,3,6,6,7
random132,0.10476699,0.68694937,0.315680775,0.07698662,0.135483536,0.680002103,0.858006687,0.523024384,0.83637326,0.956617521,0.483247163,0.45070928,0.67963492,0.922199905,0.492834439,0.048059419,0.248087074,0.665123287,0.479185256,0.120357213,0.221219874,0.737395854,0.581195733,0.628059742,0.7925878,0.884709769,0.967398198,0.488151306,0.357338159,0.018607751,0.775683701,0.197126302,0.866030025,0.395981362,0.94656342,0.335935836,0.838222387,0.194685058,0.361287939,0.993373633,0.27988222,0.495205471,0.572943309,0.22990291,0.91568917,0.539616399,0.269622464,0.309704304,0.77740208,0.422163684,0.035281506,0.662024688,0.607982795,0.072694763,0.45538674,0.391951717,0.333200201,0.824901908,0.441588384,0.663480694
random133,0.778237033,0.331177778,0.154784099,0.770210752,0.399133174,0.419333876,0.638228421,0.185447609,0.460347529,0.370049024,0.89443338,0.235161844,0.76132478,0.46105116,0.059380411,0.081643246,0.465012477,0.563238433,0.998785817,0.5315968,0.989795123,0.538492601,0.495045254,0.65580612,0.611112318,0.209193113,0.818218502,0.298010632,0.090627801,0.596595786,0.546209228,0.167669272,0.713524027,0.817299641,0.311817071,0.915838714,0.693161076,0.877111271,0.653891534,0.991611643,0.305881169,0.898384579,0.081395151,0.728931182,0.61158187,0.147545047,0.6540846,0.983537047,0.389754398,0.89568959,0.086807259,0.611762837,0.206614785,0.581052205,0.871256159,0.588875931,0.649337488,0.53963825,0.763919426,0.77733552
random134,67,68,40,50,65,11,9,43,38,66,33,25,72,38,32,50,85,97,59,42,69,2,25,46,32,55,33,84,48,84,12,41,72,54,55,70,69,49,22,12,19,60,94,73,83,16,40,4,10,12,73,10,64,100,49,8,17,84,14,58
random135,4,10,10,6,3,5,2,9,6,3,3,4,8,5,0,10,9,5,2,9,10,1,3,8,5,6,2,6,3,6,9,0,8,3,2,5,10,9,8,3,1,4,6,6,2,10,7,6,6,6,10,9,8,1,4,0,3,3,0,3
random136,0.994706208,0.411824819,0.955264784,0.297896941,0.413817649,0.705385669,0.032381964,0.530141319,0.391846965,0.558462297,0.941084877,0.498932336,0.502187778,0.524225139,0.69143475,0.771151233,0.22505209,0.076357501,0.010675887,0.330617153,0.170096138,0.327602645,0.293333716,0.539535935,0.540009401,0.390091497,0.128808832,0.969498681,0.627747856,0.581528978,0.753048147,0.052707764,0.827788276,0.440483306,0.469245961,0.786181628,0.699082019,0.65972438,0.846926628,0.307763729,0.588559933,0.008017186,0.451638368,0.30705234,0.417497703,0.298218181,0.060832833,0.023280312,0.771200922,0.816989338,0.133116505,0.313471284,0.18411392,0.302275909,0.982624916,0.992497494,0.211487605,0.455952475,0.076420613,0.081055418
random137,0.376929941,0.869485601,0.214422325,0.192686184,0.34082884,0.371977634,0.371151759,0.478076479,0.403249139,0.113323445,0.481996276,0.360911567,0.670538058,0.834769186,0.654106858,0.069466616,0.235526812,0.020789461,0.924068668,0.259653143,0.777579854,0.793253776,0.477481372,0.139020024,0.663008267,0.276781269,0.416308138,0.418925205,0.24757985,0.833710568,0.017604911,0.029425915,0.335720782,0.948172149,0.002769554,0.956367257,0.251513701,0.248255054,0.188819467,0.082544474,0.610572055,0.439420665,0.154922272,0.496572259,0.240334791,0.610972727,0.555766425,0.042403779,0.148561492,0.973786843,0.812420329,0.246790861,0.787405434,0.42654186,0.623577054,0.064905865,0.754737213,0.768798308,0.038163489,0.03180841
random138,80,78,58,69,81,32,11,32,72,98,53,1,85,19,22,54,54,93,67,46,95,41,91,23,37,17,41,22,58,6,38,97,13,74,19,3,92,90,63,63,55,71,15,14,31,66,29,46,76,100,63,18,56,14,29,50,5,3,37,58
random139,1,4,5,3,9,4,0,6,6,6,0,1,9,8,0,8,10,9,4,6,10,0,3,1,10,4,7,2,5,8,2,6,1,3,3,5,9,10,10,8,10,0,3,1,8,7,6,10,10,6,1,3,2,4,9,7,9,4,9,3
random140,0.751226068,0.832296674,0.014669067,0.926656759,0.504222237,0.35597954,0.208217495,0.269721714,0.361742667,0.512059729,0.360639812,0.178986885,0.567917312,0.364328739,0.90232822,0.298995548,0.59396599,0.293691504,0.658271573,0.075278438,0.784811319,0.176828429,0.733707305,0.358147682,0.479523087,0.292083278,0.900418071,0.567836569,0.693662563,0.097757252,0.776989369,0.687936228,0.229738875,0.515808471,0.006929465,0.404389982,0.379215387,0.143661241,0.065186065,0.818147506,0.24532523,0.348121505,0.365006522,0.391178111,0.877947342,0.47090204,0.357434234,0.9197748,0.295361249,0.005078294,0.230406702,0.731832139,0.875666367,0.926970038,0.417197224,0.402115892,0.073791705,0.019016646,0.568769535,0.243461985
random141,0.662294827,0.901876334,0.11675122,0.488192897,0.242814592,0.523438547,0.358426789,0.741622862,0.423228871,0.862902831,0.19828074,0.645577137,0.951247265,0.43919537,0.560378287,0.734312033,0.384180724,0.707076516,0.999432394,0.478187747,0.185079319,0.116720231,0.718139201,0.525097672,0.733930931,0.441429655,0.722487839,0.926112214,0.772796216,0.342184303,0.786441544,0.523519598,0.860091051,0.030881779,0.028563398,0.537148778,0.197548725,0.653395433,0.373561164,0.632827692,0.264601807,0.644219004,0.294104436,0.142941206,0.111038434,0.750744244,0.556707431,0.005446366,0.005204952,0.859829841,0.703621077,0.751625688,0.307189735,0.980357426,0.91095188,0.837966064,0.079550767,0.555017513,0.368246401,0.994366964
random142,74,6,56,84,23,9,21,76,15,97,52,75,19,75,45,38,92,19,83,85,68,54,71,84,56,50,46,1,80,61,18,78,4,43,73,80,74,79,88,42,100,17,36,46,63,71,45,95,49,89,91,6,63,70,44,13,80,14,60,98
random143,3,1,2,10,9,7,3,4,6,3,5,7,8,6,0,5,10,2,8,7,3,1,9,7,2,5,3,0,9,5,7,10,6,6,1,6,4,6,6,6,10,10,1,3,10,6,8,2,5,4,6,1,7,10,9,3,9,9,9,0
random144,0.802143571,0.520674371,0.293116593,0.860588571,0.005091045,0.105477316,0.820833087,0.671467074,0.657956735,0.045902449,0.95028792,0.806672314,0.919306191,0.282887027,0.692399323,0.613956884,0.168362155,0.665297456,0.684115379,0.28029843,0.04740109,0.848609484,0.883849262,0.936266033,0.772384509,0.960047661,0.354763192,0.10312513,0.575146647,0.131395191,0.588244811,0.864329666,0.515504714,0.435907991,0.851124866,0.344083569,0.427200502,0.75288305,0.182903204,0.00031517,0.449866884,0.928269438,0.062769898,0.142070062,0.423111282,0.684547881,0.685752038,0.798900303,0.115607421,0.954044515,0.128022398,0.529512313,0.049410585,0.729308766,0.23147152,0.757939101,0.757282806,0.619202988,0.904717455,0.473087148
random145,0.188025124,0.153116421,0.024753598,0.517747116,0.70198359,0.229024257,0.85156012,0.547081297,0.301446335,0.178221464,0.087477814,0.050319099,0.288494257,0.148399308,0.180410315,0.755980353,0.81493827,0.527407027,0.755478437,0.899358688,0.258135772,0.171466901,0.170283324,0.298719762,0.215171954,0.175547262,0.098141945,0.960485801,0.269282832,0.700637628,0.807398023,0.482459989,0.223958605,0.754845253,0.891113101,0.320918937,0.297416407,0.78404438,0.182438436,0.493097125,0.685275247,0.251856523,0.23522425,0.702017882,0.732445456,0.869414397,0.494235555,0.112197945,0.886567488,0.914633806,0.911750455,0.667270499,0.881493721,0.14340275,0.409395389,0.770150672,0.645253005,0.363480713,0.5532028,0.418583765
random146,18,60,46,38,62,41,78,55,73,65,18,77,51,51,97,60,52,35,55,99,43,93,3,100,5,71,89,79,25,28,48,11,72,22,30,71,90,37,22,34,33,57,71,92,58,25,1,84,14,20,53,56,35,18,61,73,39,100,34,96
random147,0,7,4,6,10,1,1,3,9,6,3,7,7,9,1,3,0,9,4,1,1,9,1,5,6,1,4,7,7,8,5,3,3,10,3,8,6,0,7,10,3,4,5,9,9,6,10,10,9,1,5,5,3,3,4,9,8,1,3,2
random148,0.91847119,0.032578792,0.842610754,0.088378062,0.539639936,0.001831125,0.046318885,0.205019426,0.481814353,0.764802933,0.365412538,0.14118723,0.945949426,0.019051305,0.126729652,0.237727505,0.693000011,0.322170077,0.954510659,0.795712524,0.437065663,0.338374934,0.332097815,0.259066113,0.169119967,0.926347127,0.402638161,0.675274022,0.605450322,0.415734497,0.985697161,0.672368943,0.828096149,0.966348887,0.103011393,0.562590634,0.787105259,0.184647635,0.623149781,0.973887408,0.506952387,0.461893177,0.884581609,0.70124984,0.385683503,0.098358362,0.314353783,0.489493532,0.88395471,0.990515444,0.663893372,0.300077824,0.75359252,0.010844084,0.109345307,0.062530414,0.442539259,0.898639538,0.54039876,0.006154565
random149,0.978723389,0.873079677,0.116031747,0.069588807,0.66052334,0.23676713,0.929451447,0.469890097,0.802775313,0.340652684,0.503661312,0.471468472,0.490981281,0.731979166,0.9488767,0.990543014,0.110155012,0.877672776,0.84830171,0.860960006,0.459097862,0.571862028,0.053186187,0.04586811,0.074768084,0.368445591,0.395134769,0.043372572,0.832706661,0.056199718,0.333453446,0.108427096,0.73318645,0.875539022,0.846849098,0.879786926,0.844480566,0.128386838,0.429313088,0.825772661,0.056877251,0.774667165,0.843065593,0.671187637,0.900861073,0.517670514,0.380165468,0.228350215,0.276543721,0.649151799,0.913260325,0.229276986,0.528314555,0.199238825,0.532080555,0.761708107,0.425747488,0.325654427,0.677033415,0.017737206
random150,92,31,34,4,87,37,43,85,50,6,96,56,26,80,5,75,22,21,7,69,50,0,32,49,11,64,76,21,27,47,39,89,75,54,38,2,81,88,0,57,85,22,8,31,38,48,64,58,39,11,59,11,16,27,69,86,80,17,32,83
random151,0,7,2,5,4,9,0,2,1,5,6,4,0,5,1,0,9,5,8,9,2,5,8,2,0,9,5,7,4,7,4,2,10,4,7,5,1,2,2,8,9,4,7,6,8,6,10,0,2,4,5,3,8,9,3,8,1,0,1,7
random152,0.291625114,0.819348777,0.746962616,0.326611345,0.720183565,0.448260233,0.251555776,0.241441847,0.325231423,0.911711733,0.770060153,0.35351099,0.191634146,0.463385604,0.715006977,0.617711802,0.137695907,0.155355321,0.474236341,0.249797182,0.489558623,0.413044028,0.127740662,0.83333258,0.917681814,0.700535707,0.380636304,0.077112317,0.067735049,0.041657726,0.93576152,0.891211273,0.827508555,0.872623489,0.257892075,0.911363922,0.712169943,0.740618168,0.966115728,0.901179921,0.302271415,0.400688799,0.882578712,0.344434653,0.780223772,0.172566388,0.393336296,0.825546299,0.991180041,0.360738659,0.831248046,0.230316163,0.444327158,0.21931939,0.045427248,0.03869465,0.466295441,0.516498588,0.438403533,0.983282267
random153,0.454642811,0.123591049,0.547088948,0.809678692,0.384977714,0.276128183,0.548099538,0.106066813,0.078818599,0.966944129,0.686007671,0.365243863,0.577758356,0.2310571,0.624099624,0.160440032,0.095269033,0.257676132,0.647809877,0.166382578,0.500504588,0.062928959,0.941210672,0.419441713,0.604623549,0.864066761,0.88812191,0.918153415,0.189143268,0.705784733,0.859135941,0.931000779,0.271308546,0.872957042,0.70406079,0.482279295,0.952010556,0.258713018,0.995322631,0.337980339,0.600550906,0.757372364,0.637714161,0.95661851,0.768284258,0.416294793,0.491816886,0.262376242,0.993938154,0.358211256,0.146891232,0.953041662,0.482613582,0.053961585,0.452895827,0.85985309,0.387599071,0.842171861,0.404662337,0.633562026
random154,82,30,97,32,40,47,53,48,55,59,47,30,75,3,42,18,21,85,72,23,77,54,72,73,29,82,95,67,79,58,63,16,29,34,43,40,84,38,12,72,60,43,66,4,23,100,32,95,70,60,37,45,81,55,25,70,4,10,67,30
random155,5,1,8,6,1,6,0,3,10,6,0,8,0,6,2,4,0,10,0,5,5,8,5,0,2,0,1,8,6,5,0,4,0,0,5,3,9,6,7,4,9,6,8,9,7,9,10,0,5,8,8,4,8,7,2,8,3,1,0,5
random156,0.094970572,0.234274949,0.632563254,0.20572194,0.312657991,0.968537342,0.671366185,0.536964257,0.266730165,0.455314078,0.538005136,0.282765016,0.445556769,0.679513583,0.43502365,0.702265527,0.350569351,0.176701052,0.676570955,0.309152992,0.395691235,0.821620449,0.816452777,0.098484205,0.988411709,0.605314093,0.576960479,0.103749867,0.637311113,0.310281519,0.938631865,0.381705181,0.479546132,0.803035999,0.679438416,0.376893363,0.302670043,0.213812728,0.244012255,0.25757276,0.330597588,0.237026029,0.116096307,0.639430539,0.079166614,0.805077693,0.465281268,0.18226176,0.923454055,0.616948973,0.093791078,0.199535484,0.910719814,0.772688515,0.611850778,0.288483612,0.640351084,0.81764322,0.491712754,0.192495586
random157,0.021263695,0.433472102,0.248079648,0.820203699,0.180667484,0.341227285,0.399974046,0.191411521,0.39205473,0.706870768,0.149816213,0.360424953,0.837342857,0.22219756,0.258202267,0.582197583,0.07053907,0.246277987,0.033644326,0.259867088,0.17552493,0.931673604,0.544576446,0.382364906,0.800685993,0.13911038,0.697280974,0.257891537,0.348964904,0.300413395,0.974339431,0.90132532,0.709122057,0.850765197,0.028003738,0.03406703,0.400038251,0.680492795,0.311741671,0.934280407,0.281277145,0.295680458,0.359261526,0.982961065,0.876472271,0.40114781,0.609226289,0.088680688,0.413373223,0.067748448,0.223902329,0.963522209,0.159249205,0.497911555,0.485039656,0.486538114,0.942389087,0.219979214,0.782849187,0.063640916
random158,78,11,49,27,90,76,0,68,1,31,78,91,15,92,51,3,1,8,93,61,79,13,61,92,82,79,84,89,2,40,58,37,81,17,15,66,75,83,82,77,15,44,76,85,92,25,86,27,30,48,81,36,98,42,60,90,64,73,84,82
random159,10,6,8,4,7,7,3,3,8,5,2,4,2,10,10,10,10,10,4,5,7,8,6,3,8,10,6,0,6,2,10,5,10,3,8,8,4,10,5,0,4,7,1,8,1,0,10,7,3,2,9,5,2,2,6,1,6,9,7,6
random160,0.386864938,0.432108466,0.601592751,0.402453919,0.593134601,0.307677023,0.664924596,0.374122531,0.461623472,0.896712495,0.015060466,0.6721111,0.240927419,0.157912762,0.542178084,0.365636556,0.749421081,0.045675479,0.835177038,0.330946256,0.446891377,0.725532605,0.190467492,0.686277662,0.076036574,0.269509461,0.19514937,0.687762994,0.651561136,0.244517972,0.432128261,0.540176024,0.491948207,0.856224009,0.212372798,0.37588774,0.272959555,0.901488209,0.28863842,0.13480882,0.019916374,0.864022585,0.041232636,0.007204556,0.100898677,0.105128477,0.185682446,0.78941281,0.824112006,0.494480441,0.192210397,0.118583072,0.502673568,0.51663153,0.213541369,0.818401037,0.087577772,0.004392882,0.089886755,0.281649627
random161,0.781266432,0.1308533,0.281225198,0.136677622,0.637428629,0.647675673,0.952311965,0.040634423,0.478361997,0.91090114,0.398610217,0.769204371,0.553137725,0.919443874,0.781965918,0.783934217,0.47885395,0.883628502,0.704657382,0.28999921,0.249327368,0.449925509,0.879984715,0.182236943,0.467532804,0.8927457,0.139661051,0.160826517,0.410428342,0.701642152,0.083437298,0.215489259,0.208205153,0.515591368,0.791080312,0.159505055,0.099300414,0.353501483,0.322364629,0.866724532,0.802865227,0.854549042,0.477154016,0.178173876,0.758694752,0.878365173,0.386765884,0.595478635,0.191543801,0.994245336,0.772764061,0.211535479,0.481812782,0.51478461,0.077689003,0.575488094,0.298612479,0.953937989,0.687902192,0.590533336
random162,20,33,18,42,26,27,24,51,98,72,15,19,86,98,22,36,74,27,53,97,100,79,92,6,78,40,29,65,29,15,98,42,6,53,73,43,68,23,69,29,16,95,4,64,81,28,85,33,94,83,27,62,40,30,20,35,28,42,49,17
random163,6,1,2,10,7,2,5,10,2,6,10,5,3,8,8,9,7,3,2,9,9,7,5,3,2,1,2,8,8,2,9,8,10,6,6,1,9,2,10,7,5,6,3,9,4,3,7,7,10,0,6,1,10,10,0,5,4,6,8,10
random164,0.502238734,0.096323443,0.141703975,0.802377727,0.770917073,0.03046704,0.901048656,0.206129928,0.783963358,0.170870435,0.218071994,0.391164348,0.708958483,0.202900367,0.362498244,0.530485036,0.068596788,0.30743196,0.926407053,0.477188167,0.527971254,0.151903022,0.111709643,0.311631047,0.359332164,0.915884402,0.271202443,0.382942653,0.018393792,0.512205335,0.269789073,0.762018149,0.463074373,0.644501538,0.67238306,0.876936932,0.941034475,0.372861259,0.313407873,0.541065148,0.788112137,0.841987373,0.876075192,0.836381599,0.101074885,0.473341651,0.108789938,0.099690137,0.191381432,0.750434478,0.12266632,0.60516898,0.389317568,0.837484494,0.967324597,0.931721074,0.126965186,0.685221761,0.856861268,0.143648287
random165,0.101745848,0.224430743,0.120003721,0.682410085,0.5658171,0.024084359,0.057015054,0.483050361,0.390143721,0.417062108,0.288663182,0.387042078,0.223946449,0.385299109,0.643094691,0.951858623,0.905906232,0.960589003,0.009293445,0.197006329,0.202798914,0.020195759,0.370247762,0.074386267,0.744561288,0.240069201,0.380836009,0.807426171,0.791953622,0.49384108,0.291260895,0.195181573,0.092885886,0.47844035,0.668057976,0.027723535,0.508699166,0.696797823,0.420267904,0.783290631,0.82229093,0.486611058,0.470144698,0.104621409,0.402797365,0.133153427,0.108733033,0.99147754,0.401035383,0.530212565,0.837982036,0.455808031,0.195581162,0.568053105,0.22025078,0.199315909,0.45506115,0.077928027,0.034462619,0.778706295
random166,54,76,96,97,49,63,35,9,21,45,22,39,14,45,96,81,37,68,58,84,53,92,83,88,43,72,15,45,59,21,89,34,85,97,99,35,71,9,3,41,64,93,88,94,42,15,74,49,97,72,33,19,43,10,16,6,80,36,53,29
random167,3,10,3,9,8,9,4,6,4,9,6,7,4,10,9,6,2,6,4,9,1,3,7,9,1,2,0,1,5,10,0,6,1,2,0,3,2,6,6,8,8,2,5,8,9,1,7,10,3,8,9,7,8,8,3,3,5,7,4,10
random168,0.794480073,0.741260441,0.928465809,0.088685354,0.451318691,0.191224192,0.478542479,0.503186315,0.442592955,0.986414357,0.158898115,0.656219575,0.881050058,0.697994046,0.922332948,0.173230463,0.904113242,0.412000596,0.733933381,0.031055964,0.132238973,0.928875594,0.657612393,0.822969193,0.516523071,0.327523867,0.863434337,0.403433996,0.314526793,0.715008771,0.767289891,0.860087133,0.173587412,0.24044166,0.062314336,0.872666744,0.039991007,0.563464506,0.294775893,0.577668338,0.16661711,0.985340834,0.228434085,0.134360886,0.172613063,0.361380284,0.883338101,0.074264747,0.245389618,0.745505465,0.693669823,0.117858051,0.739388822,0.206955357,0.829455534,0.361820919,0.832731362,0.3170377,0.265392509,0.879468755
random169,0.536004926,0.222982915,0.196453283,0.13372865,0.874336017,0.440761295,0.315707182,0.398721636,0.209736225,0.90633129,0.915376186,0.391190225,0.649119619,0.032243043,0.095186164,0.358576599,0.057151945,0.647494355,0.638452171,0.286980431,0.942886135,0.300425246,0.461248193,0.324709139,0.466382766,0.225522275,0.150346374,0.954094935,0.704990899,0.405868453,0.220621388,0.947910005,0.576780222,0.731031832,0.507476662,0.584664828,0.24552469,0.67749437,0.943901138,0.578510407,0.232917093,0.908919935,0.277971167,0.36886121,0.54731776,0.211876211,0.554157615,0.63357729,0.406108064,0.212076021,0.644083751,0.975708528,0.282046833,0.077830639,0.780114847,0.127949909,0.08997486,0.202451083,0.305563001,0.352282326
random170,65,86,69,19,87,56,57,69,13,58,85,97,83,51,65,41,72,83,29,1,28,36,2,15,18,28,51,5,6,50,10,61,74,33,87,7,6,34,93,16,65,5,14,96,47,72,59,69,9,23,13,75,15,72,73,55,63,24,73,60
random171,7,0,9,1,4,5,4,7,0,1,4,4,4,3,5,7,7,8,1,10,7,5,1,3,0,0,7,3,7,10,9,5,10,2,1,7,1,8,10,0,4,0,1,5,0,5,10,0,2,5,3,3,10,7,10,0,2,8,1,4
random172,0.813492641,0.347710953,0.041678388,0.56099555,0.558010834,0.630341746,0.115206662,0.332044484,0.606559256,0.827771236,0.137003933,0.108661509,0.570740785,0.32887088,0.594115618,0.369524425,0.965194778,0.824420502,0.475662756,0.135895402,0.010587872,0.929591584,0.140071952,0.114603001,0.269926233,0.500134078,0.962863036,0.253189209,0.944175497,0.561896126,0.463567549,0.837535679,0.40437628,0.6418927,0.439853622,0.329302819,0.945212998,0.499353206,0.962299417,0.155770296,0.365179021,0.673218049,0.655485545,0.023310185,0.550903215,0.532139992,0.691182545,0.888726771,0.725636778,0.868381861,0.90835282,0.184429607,0.818569127,0.787760674,0.498551994,0.317990667,0.862113719,0.253183101,0.034811439,0.890778886
random173,0.637456688,0.613861415,0.513209233,0.644862195,0.936633861,0.949381029,0.147351725,0.78280815,0.046342315,0.965294936,0.475593593,0.389984707,0.981742687,0.085680522,0.456725396,0.387919982,0.122035822,0.126143516,0.938294555,0.859669186,0.375011537,0.428492505,0.633968268,0.566281906,0.294381264,0.65492205,0.843398526,0.347925366,0.135404204,0.769794693,0.159220686,0.255492709,0.110256046,0.573193695,0.798561504,0.430985412,0.403514214,0.654874093,0.118403541,0.422982715,0.870993917,0.275074741,0.660171775,0.551576754,0.170299969,0.889502026,0.144497673,0.542597434,0.581639773,0.715766373,0.792079361,0.413316925,0.934768474,0.768393603,0.183966358,0.673898343,0.757578428,0.349563714,0.112251471,0.053445784
random174,26,65,58,81,52,9,11,64,55,25,44,6,39,62,59,51,23,97,92,47,31,54,16,32,41,38,9,87,22,21,82,0,9,80,26,18,45,55,7,72,51,93,76,93,46,6,77,82,84,36,33,70,14,69,35,43,37,100,93,58
random175,2,2,2,4,7,2,9,0,9,7,2,4,2,2,1,3,2,5,5,9,10,3,10,7,10,7,10,7,7,10,5,8,3,2,6,2,3,1,3,6,3,6,10,10,0,8,10,5,0,0,4,0,5,3,3,3,9,7,5,3
random176,0.769402393,0.169551391,0.661129105,0.109088686,0.19800769,0.621881876,0.793051322,0.900442681,0.818537346,0.932585414,0.309680949,0.653259625,0.646967012,0.986000173,0.11217428,0.581481201,0.488435126,0.808471512,0.374423256,0.267769785,0.367866709,0.181644724,0.979593215,0.242754787,0.347297118,0.510216373,0.585470835,0.651962046,0.095259341,0.843405912,0.660830329,0.374507941,0.222252441,0.743991919,0.749146641,0.793589813,0.680010838,0.467487593,0.981225566,0.038120898,0.878537401,0.917416504,0.959766073,0.384932392,0.645541848,0.850066765,0.028649436,0.932940973,0.68814837,0.704109567,0.683468317,0.499158111,0.436076251,0.684580713,0.981598771,0.710631601,0.241197291,0.145100457,0.582003831,0.316764465
random177,0.844433706,0.078816166,0.932560786,0.716778579,0.475514767,0.523297542,0.921333251,0.340875317,0.265750233,0.948253563,0.665856372,0.717519491,0.213202897,0.027329227,0.583320293,0.192023211,0.668309151,0.488643472,0.634689735,0.786370074,0.544679928,0.934087339,0.735252691,0.000355273,0.620459707,0.692103365,0.831888644,0.858871506,0.595625912,0.557963845,0.424613857,0.032298437,0.244897425,0.115956429,0.80869416,0.30369263,0.661435275,0.806194008,0.809655334,0.012015375,0.76070373,0.353613142,0.057756894,0.084375239,0.185351712,0.36862413,0.787052282,0.00256548,0.109742392,0.657465013,0.012516544,0.203364062,0.926269567,0.075149661,0.873255675,0.376313799,0.815774281,0.647567428,0.829932942,0.476926189
random178,50,39,60,28,80,68,17,97,12,93,47,94,55,43,71,56,17,69,25,33,54,98,56,33,19,11,57,10,98,20,12,31,37,16,85,98,37,18,46,32,43,58,45,71,86,54,91,90,45,30,62,65,39,70,6,18,13,94,100,51
random179,1,1,4,1,2,5,8,6,5,6,5,4,7,9,6,3,3,1,9,10,5,1,5,5,1,10,4,7,2,6,7,1,0,1,5,10,10,1,3,0,7,5,1,9,9,2,2,7,5,1,8,2,6,4,7,9,7,9,9,7
random180,0.188322594,0.226899401,0.709934978,0.413381062,0.335565566,0.89520171,0.726775997,0.511785976,0.318524426,0.726442927,0.030317482,0.873785353,0.717774411,0.285033857,0.367599196,0.111874713,0.956147619,0.163708719,0.80712533,0.745628087,0.935557051,0.237276805,0.368970291,0.189883555,0.734760286,0.134692059,0.563705777,0.859847932,0.237034804,0.544813426,0.0269651,0.219918059,0.919838282,0.179414425,0.981393636,0.355252572,0.503861024,0.267835549,0.532062696,0.760475526,0.803223031,0.242084473,0.4446972,0.005175605,0.552325041,0.800556354,0.748438247,0.885463719,0.12309555,0.245033812,0.055507661,0.049656309,0.875182857,0.925476673,0.252515208,0.552377769,0.596666866,0.48551472,0.484599963,0.316585672
random181,0.079329499,0.975843814,0.409158975,0.194972004,0.098953586,0.29631253,0.855138253,0.420803669,0.520555942,0.644859862,0.685440811,0.815258859,0.497619977,0.309645535,0.50358724,0.153109815,0.421407725,0.812639971,0.419731508,0.202944865,0.691871554,0.324583922,0.837305184,0.193252773,0.14555769,0.724657045,0.146925764,0.74703291,0.910791352,0.582867036,0.740177343,0.441814564,0.017652333,0.340592557,0.630704286,0.726331968,0.839422185,0.482468042,0.694751532,0.768484794,0.259409644,0.295305172,0.849850909,0.500788874,0.181766073,0.750407104,0.076887153,0.488544366,0.605720965,0.277465819,0.48177943,0.107530702,0.192065842,0.845477429,0.880445137,0.915118916,0.136030944,0.643637895,0.914646686,0.0415901
random182,63,68,80,88,31,47,78,27,84,37,80,81,19,48,64,31,25,19,30,59,46,10,70,68,30,89,25,90,88,32,41,43,44,27,30,49,98,7,95,15,1,47,83,24,94,30,41,46,20,18,54,16,75,62,93,44,7,82,24,25
random183,6,10,8,8,6,5,4,10,4,6,4,5,1,4,2,7,9,3,7,8,3,10,4,0,5,8,3,7,0,1,7,7,10,3,6,0,2,5,6,4,0,2,3,6,10,9,8,3,4,10,5,3,3,5,1,1,3,4,9,6
random184,0.161261338,0.393049641,0.670560031,0.249983302,0.56101978,0.122016536,0.455732221,0.353465946,0.343491518,0.494243814,0.386213882,0.103295682,0.454524692,0.874433795,0.326584245,0.901647311,0.760730487,0.065048441,0.230080769,0.253905298,0.624715508,0.525630641,0.320004497,0.001764592,0.668399841,0.890515311,0.478680984,0.637075105,0.342643523,0.719807004,0.716508641,0.301306694,0.480209616,0.789724175,0.975261088,0.460978404,0.445833563,0.783722763,0.770915163,0.39210339,0.396015558,0.674388305,0.925839888,0.590979499,0.904793425,0.152031472,0.875714086,0.144457092,0.357840543,0.781491101,0.394051591,0.083108092,0.44276367,0.507631606,0.873541777,0.296270162,0.618449491,0.321582301,0.136235707,0.941035487
random185,0.324687235,0.410921514,0.57024584,0.375354814,0.933936196,0.031646332,0.356122944,0.864052912,0.351471325,0.198037,0.05615437,0.139548565,0.676430317,0.594085627,0.195652737,0.460630564,0.589742712,0.826409949,0.55948145,0.478449529,0.705208402,0.89477566,0.718775066,0.852759656,0.950054172,0.182942146,0.874872209,0.295070843,0.898454735,0.173619359,0.977969347,0.680493315,0.836941491,0.851765016,0.492635048,0.676749211,0.207295912,0.706693174,0.848990327,0.565563823,0.733069448,0.907577083,0.911738758,0.663180518,0.693302938,0.945210526,0.436409042,0.194660787,0.660196252,0.693881446,0.49958095,0.85138269,0.384298691,0.648464239,0.040091683,0.23465308,0.286588946,0.784049276,0.135827241,0.810154183
random186,73,70,41,58,87,74,8,29,50,9,15,70,12,20,94,43,97,75,12,88,44,57,98,41,9,54,60,55,88,90,14,100,64,89,11,9,33,16,70,24,96,18,39,17,48,40,37,12,78,91,43,37,67,85,39,68,69,27,58,5
random187,10,8,7,3,2,6,8,0,6,10,5,3,0,0,6,8,8,10,2,1,3,3,6,4,5,3,1,8,6,2,10,10,9,0,2,10,10,0,10,1,5,1,0,6,10,9,7,9,4,1,7,0,8,0,4,4,3,4,0,2
random188,0.93704216,0.471269359,0.136045239,0.712039631,0.57726112,0.04771341,0.947003147,0.157977061,0.242250479,0.625037007,0.033061591,0.867078205,0.570098162,0.332330891,0.740634399,0.233034093,0.275856343,0.63553662,0.544634081,0.400784065,0.360635276,0.909800339,0.855915593,0.480974202,0.002965184,0.172438007,0.845952311,0.018731531,0.773335163,0.370581344,0.829293703,0.029564795,0.1850893,0.228360869,0.032500129,0.25396045,0.067218952,0.239497268,0.640430177,0.336342186,0.940416501,0.191555937,0.717828121,0.605274223,0.233708638,0.813612556,0.045159139,0.949986979,0.451489259,0.011703447,0.03661143,0.772128988,0.737860491,0.452431324,0.072534484,0.911377002,0.540462079,0.891270433,0.251739676,0.183721173
random189,0.442782653,0.649237961,0.649371906,0.441061115,0.667327151,0.277306059,0.043670665,0.677139411,0.436899583,0.742377917,0.695394483,0.159043643,0.8430981,0.785155368,0.763149178,0.192197282,0.74865045,0.87063302,0.949490567,0.9028676,0.551483398,0.588517215,0.101358833,0.192587455,0.713057941,0.312774479,0.866087089,0.777545161,0.032012236,0.077237085,0.845428452,0.415909463,0.649886172,0.930866897,0.168618059,0.942826931,0.199147235,0.034765747,0.602460489,0.837459389,0.141052002,0.29586961,0.881331909,0.09421242,0.373695047,0.18317727,0.388701472,0.592923062,0.997859079,0.761624162,0.714354638,0.65762527,0.787217864,0.979299917,0.469808323,0.535240453,0.041251012,0.244886815,0.805064637,0.698142222
random190,80,64,91,90,72,11,62,61,28,37,34,62,64,95,85,73,83,83,45,81,41,87,62,23,50,14,13,13,73,70,55,98,29,15,21,52,57,22,8,49,14,32,46,66,43,68,35,18,14,45,65,33,46,18,68,64,25,91,31,57
random191,2,3,2,7,0,8,3,7,4,0,8,1,0,3,2,5,8,5,7,3,2,5,4,6,3,1,3,2,1,0,10,0,7,1,2,9,4,0,2,8,6,0,2,5,4,9,6,7,4,7,0,3,2,7,3,0,3,8,1,9
random192,0.753197728,0.549968144,0.986673556,0.39080725,0.382167908,0.324910828,0.424876868,0.55271119,0.712086522,0.743120976,0.959038181,0.624089866,0.059089043,0.500274172,0.74812722,0.193304464,0.733207616,0.509527676,0.880663703,0.622355595,0.145250719,0.366733563,0.379005252,0.994873412,0.802550664,0.190325517,0.836506217,0.009881459,0.673610645,0.43771279,0.711761831,0.973315464,0.695798496,0.237838359,0.705019507,0.271323457,0.523185525,0.355062419,0.511172943,0.771452589,0.050367084,0.640771078,0.226647581,0.033147127,0.860333145,0.628147196,0.179081162,0.154020012,0.083453105,0.947241638,0.539016867,0.719729591,0.440525729,0.253417968,0.334195281,0.557691873,0.263592396,0.083090417,0.097839128,0.841392221
random193,6.66E-07,0.153812451,0.750646542,0.554440359,0.900225667,0.249672052,0.695688373,0.221587057,0.857811686,0.688747057,0.829453268,0.641496646,0.38903092,0.152192916,0.183009608,0.326298275,0.191384604,0.501356821,0.681908075,0.704924579,0.21647881,0.855873129,0.6227912,0.528536653,0.848323091,0.031683705,0.44538906,0.831963247,0.478047491,0.523220779,0.743933139,0.727858811,0.391341328,0.18299094,0.162278176,0.025225581,0.236382312,0.86365241,0.525615051,0.715763339,0.105734449,0.637528687,0.401221197,0.729292147,0.283703456,0.892165364,0.835984171,0.401708005,0.359952388,0.925679787,0.713600325,0.79231452,0.275436179,0.690821819,0.505117875,0.715196866,0.436513706,0.912058692,0.234015622,0.25653071
random194,92,30,34,88,35,28,52,63,70,69,11,2,31,43,89,70,68,93,91,17,63,84,88,30,13,6,31,7,65,92,75,50,15,25,56,87,27,79,6,72,51,75,32,75,57,43,37,79,63,15,89,22,1,10,76,13,81,2,0,20
random195,2,2,8,7,0,0,1,3,1,1,10,5,4,8,1,2,9,2,8,4,7,5,6,5,3,10,0,3,3,6,1,8,2,5,6,6,7,5,9,9,0,1,10,5,8,4,0,5,3,8,4,10,9,2,1,10,1,8,7,10
random196,0.70513659,0.240812653,0.256528133,0.619209089,0.773656821,0.747377376,0.235764831,0.650239354,0.983852585,0.152888034,0.391770959,0.068900963,0.73675656,0.045465211,0.171091469,0.96699766,0.477598564,0.06256865,0.290585783,0.550804803,0.399337915,0.303600999,0.789697242,0.422358334,0.593228668,0.43886556,0.273717184,0.699014465,0.00725764,0.784176894,0.806693931,0.935229624,0.949524648,0.252301125,0.466069208,0.058341272,0.433592755,0.035651516,0.291964374,0.559676004,0.571723923,0.951026182,0.38136985,0.972415075,0.173052785,0.805779439,0.67344192,0.711721406,0.759924385,0.998357637,0.443422763,0.950994635,0.796475561,0.396401206,0.531978121,0.114732638,0.880727565,0.246476589,0.958113523,0.663934167
random197,0.979863945,0.291841927,0.46077265,0.187752459,0.65858463,0.594083429,0.202971089,0.764858921,0.125954653,0.596063833,0.034436205,0.829398357,0.136886224,0.449622643,0.669397548,0.063920395,0.8308215,0.653249852,0.184687911,0.144186494,0.850483392,0.646898061,0.490351827,0.984497319,0.3034887,0.259544886,0.624773043,0.020256767,0.855069819,0.040302026,0.441182476,0.634208782,0.009075953,0.371803778,0.985585577,0.479675514,0.205313814,0.816955127,0.710856529,0.203996194,0.132997194,0.278294502,0.531259403,0.013837041,0.20386576,0.228803167,0.074240173,0.01285132,0.386936067,0.168205617,0.091237801,0.136973082,0.538838582,0.846642216,0.966069011,0.991629699,0.546338924,0.63797912,0.745391436,0.231031584
random198,73,62,82,45,86,40,59,68,71,23,33,73,45,100,32,70,24,57,57,43,30,8,93,20,34,68,37,87,31,88,57,56,89,85,46,48,28,49,38,97,44,41,36,68,28,46,24,59,10,21,93,86,53,30,89,57,36,45,47,30
random199,2,0,2,6,7,0,5,2,10,0,9,5,3,7,5,4,0,4,4,1,7,8,9,3,10,4,10,0,6,1,8,2,3,6,10,10,4,1,0,4,0,3,2,7,4,7,10,6,7,0,8,3,0,5,2,3,2,3,10,5
random200,0.603045395,0.499460477,0.009964047,0.607632603,0.961740352,0.013561077,0.348482146,0.290583863,0.385047294,0.383325967,0.06404743,0.998806307,0.179120967,0.530137682,0.01957598,0.677211919,0.055813631,0.73684841,0.83153001,0.388710037,0.786017609,0.836600163,0.92003574,0.266187313,0.142157101,0.25853522,0.021289823,0.895332735,0.793348136,0.169721644,0.629502765,0.47055707,0.776728199,0.983523034,0.705990414,0.908767465,0.972733032,0.00674097,0.237526725,0.232227909,0.277434554,0.968308851,0.26390591,0.124036467,0.654307979,0.844438002,0.504545925,0.836832903,0.179017492,0.41352297,0.351296402,0.764468298,0.789521207,0.069913207,0.876232136,0.769483857,0.168573677,0.071695315,0.412972063,0.613516376